,HMC,UL,BBY,BLNK,ANTM,KO,CTVA,CVS,EPC,ETSY,EXC,F,FOSL,FMS,GME,CL,HP,SJM,EPC,VFC,SIG,LEVI,LULU,MSFT,TAP,OC,PEP,PFE,RL,RDFN,SAM,SAP,BNS,SIX,SBUX,TGT,TD,CLX,CZR,HSY,VFC,UPWK,VZ,VRTX,FB,WBA,WSFS,SPY
2020-06-01,26.37,54.39,77.5,1.78,290.08,46.98,26.8,65.64,30.03,78.59,38.84,5.87,3.12,42.6,4.14,72.73,20.27,115.35,30.03,58.09,10.76,13.81,308.82,182.86,37.98,53.88,132.99,35.46,76.7,29.59,569.26,128.51,41.42,23.97,78.34,119.49,44.25,204.21,11.48,136.45,58.09,12.22,55.78,286.609,231.94,43.3,27.88,305.58
2020-06-02,26.48,54.66,80.55,1.78,294.25,46.89,28.01,66.86,29.88,81.84,38.94,5.9,3.44,43.35,4.18,72.43,21.79,115.18,29.88,59.34,11.3,14.28,312.49,185.0,39.31,53.77,132.68,36.16,78.4,31.135,568.34,130.43,42.23,23.33,77.79,118.85,44.98,206.76,11.39,137.17,59.34,12.48,56.39,284.21,232.83,43.53,28.21,308.13
2020-06-03,27.0,55.69,82.23,1.8899,289.1,47.9,28.48,66.87,30.13,80.61,39.91,6.19,3.81,43.32,4.45,71.65,22.69,114.39,30.13,64.01,14.27,15.34,323.7,185.36,40.55,55.17,132.8,36.16,84.68,32.56,555.93,133.68,43.7,25.33,79.59,121.75,46.28,205.97,11.75,134.22,64.01,12.2,56.84,277.01,230.06,43.59,29.32,312.2117
2020-06-04,26.93,55.72,79.92,2.1674,282.09,47.92,30.18,66.52,29.78,80.25,38.98,6.57,4.37,43.25,4.47,70.66,24.99,109.09,29.78,64.08,15.65,15.44,317.46,182.95,42.31,55.99,130.6,36.0,84.92,33.45,529.92,134.33,43.75,25.17,78.74,119.96,46.25,204.23,12.14,133.44,64.08,12.1,57.22,272.74,226.29,44.2,29.34,311.31
2020-06-05,27.98,56.26,82.53,2.2,287.69,49.15,30.69,68.37,31.74,78.76,40.36,7.345,5.24,43.95,4.14,72.41,26.83,107.43,31.74,68.29,15.05,16.06,319.5,187.5,42.39,58.49,132.41,35.9975,89.5,34.83,522.33,135.74,45.03,25.28,82.14,121.57,48.375,197.59,12.2,135.53,68.29,12.35,57.77,265.68,230.78,45.35,32.05,319.27
2020-06-08,28.09,56.53,83.7,2.19,300.59,49.75,29.99,70.555,32.72,76.48,41.86,7.52,8.1,43.72,4.99,73.52,28.29,111.16,32.72,68.08,16.88,15.86,315.21,188.47,43.37,60.135,132.21,36.56,90.27,34.94,515.73,136.61,45.62,27.01,83.57,122.36,49.17,198.565,12.36,135.52,68.08,12.22,58.02,265.02,231.42,47.01,32.76,323.25
2020-06-09,27.8,55.6,81.6,2.08,290.97,49.03,29.615,69.52,31.81,76.32,40.51,7.26,5.0301,43.44,4.955,73.31,26.44,108.45,31.81,64.45,14.16,15.44,316.2,190.07,41.75,58.55,132.97,36.23,85.49,33.88,533.9,136.785,45.28,26.33,82.38,120.72,48.42,202.12,12.16,133.53,64.45,12.24,57.9,270.72,238.69,45.28,32.75,320.81
2020-06-10,27.93,56.36,81.68,2.35,288.54,48.62,29.15,67.5,30.06,79.81,40.0,6.815,5.075,43.65,5.06,74.33,24.72,108.73,30.06,63.56,12.28,14.69,323.24,196.82,39.47,57.92,134.13,35.93,80.63,33.99,523.87,136.61,44.8,24.525,79.01,119.99,47.53,207.3,11.88,135.43,63.56,12.44,58.09,274.01,236.68,44.28,30.6,319.01
2020-06-11,25.79,54.74,77.26,2.3,264.55,45.569,27.12,63.28,28.2,77.59,38.055,6.135,4.375,41.87,4.37,73.12,20.82,106.24,28.2,59.81,11.083,13.67,308.5047,186.47,36.55,51.44,127.84,33.325,73.99,32.1,509.21,129.57,42.09,21.975,72.57,118.04,44.54,204.97,11.2,129.19,59.81,11.375,56.435,263.71,224.45,40.76,28.15,300.62
2020-06-12,26.15,54.74,77.08,2.2601,265.61,45.655,27.73,63.71,27.8,78.25,37.87,6.4,4.7211,41.97,4.4891,72.915,22.26,104.59,27.8,59.2,11.16,13.4,295.6121,188.14,36.975,52.715,128.88,33.457,73.59,31.42,513.795,129.75,42.8,22.0,74.15,117.3594,45.59,205.74,11.37,128.67,59.2,11.605,56.255,269.11,227.3401,41.32,27.97,304.28
2020-06-15,26.34,55.02,80.03,2.38,262.34,46.31,26.78,63.32,26.52,83.92,38.31,6.51,4.77,42.03,4.69,72.9,23.12,105.81,26.52,63.12,11.73,14.14,303.05,189.09,38.29,54.83,130.57,33.37,73.77,34.21,552.6,130.43,42.76,23.59,76.97,118.16,45.59,208.11,11.72,130.13,63.12,12.42,56.16,268.05,232.47,41.48,27.97,307.03
2020-06-16,27.3,56.31,83.5,2.41,267.43,46.79,27.82,65.6,28.33,84.5,38.57,6.55,5.11,42.78,4.64,73.56,23.12,108.08,28.33,65.98,12.12,14.43,310.62,193.67,39.8,56.73,131.8,33.46,76.44,34.97,541.98,133.63,43.31,24.24,77.86,119.23,46.18,208.94,12.06,132.64,65.98,12.12,57.0,273.6,235.81,42.14,28.61,312.93
2020-06-17,27.22,57.02,83.23,2.44,265.54,46.57,27.35,65.0,28.66,86.39,38.45,6.33,4.85,43.04,4.76,73.83,21.83,109.05,28.66,63.61,11.75,14.17,303.69,194.2,38.77,56.22,131.765,33.55,74.48,34.66,536.77,134.51,43.01,23.6,77.1,118.28,45.63,211.92,12.33,132.28,63.61,11.95,56.65,280.13,235.53,42.16,27.27,311.56
2020-06-18,27.27,56.86,82.23,2.395,265.48,46.99,27.5,64.48,28.37,87.03,38.2,6.325,4.8,42.83,4.92,73.59,21.65,108.59,28.37,63.48,11.78,13.78,302.98,196.32,39.08,55.795,132.8,33.24,73.94,36.39,533.9,135.14,42.49,23.4,76.305,117.29,45.42,214.58,12.12,132.54,63.48,12.445,56.89,279.18,235.975,41.98,27.55,311.74
2020-06-19,26.74,57.38,81.14,2.53,266.33,46.06,27.2,64.55,28.45,95.49,37.565,6.245,5.14,42.29,4.81,73.38,21.46,108.95,28.45,63.27,11.13,13.39,297.63,195.03,38.0,55.18,131.32,33.47,71.37,37.27,533.82,137.09,42.05,21.96,75.465,120.455,45.24,217.79,12.27,129.5,63.27,12.24,56.155,293.25,238.65,44.05,26.89,308.56
2020-06-22,26.95,57.21,84.86,2.91,265.36,45.74,27.59,64.3,28.22,96.3,37.57,6.28,4.82,42.9,4.87,73.09,21.63,108.95,28.22,62.6,11.94,13.44,304.7899,200.58,37.95,55.11,131.03,33.11,73.28,38.41,535.93,140.98,41.92,21.51,75.41,122.43,45.4,216.9895,12.09,130.56,62.6,13.55,55.66,293.16,239.3,43.23,27.2,310.68
2020-06-23,27.0,57.21,85.84,2.66,269.0,45.62,27.41,64.43,29.12,101.22,37.25,6.16,4.91,43.52,4.84,72.93,20.91,106.44,29.12,62.67,11.6,13.5,301.21,201.889,37.97,55.13,131.33,32.77,73.46,39.69,535.51,141.07,41.87,21.69,75.49,121.48,45.52,213.42,12.44,130.29,62.67,13.46,54.94,295.99,242.14,42.81,27.11,312.03
2020-06-24,26.29,56.31,83.82,2.54,257.25,44.66,26.07,63.21,29.08,98.161,36.475,5.95,4.44,42.66,4.41,72.05,19.13,106.21,29.08,59.05,10.38,12.9973,295.4,197.84,36.49,52.96,129.6,32.2,70.61,38.13,530.48,135.84,40.83,19.775,73.72,119.75,44.24,212.01,12.06,127.92,59.05,12.93,53.95,291.19,234.08,41.17,25.99,304.12
2020-06-25,26.25,56.53,84.72,2.7299,260.91,44.92,26.2,64.02,29.84,101.31,35.41,6.03,4.37,43.62,4.46,72.62,19.9,105.67,29.84,59.78,10.02,12.92,295.12,200.36,35.59,54.51,131.39,32.3,70.36,40.41,533.6,137.67,41.1,19.89,73.85,119.81,44.74,214.93,11.96,128.64,59.78,14.21,54.28,295.19,235.47,42.02,26.95,307.31
2020-06-26,25.33,56.17,84.75,3.015,255.65,43.57,25.92,63.45,29.22,102.54,34.72,5.91,4.17,42.74,4.38,71.49,18.65,102.98,29.22,57.07,9.84,12.22,289.66,196.33,34.43,54.16,128.93,32.04,67.7,38.79,563.71,136.8,39.79,18.6,71.53,117.0,43.51,215.3,11.77,125.96,57.07,14.15,53.2,285.99,215.86,41.19,25.65,300.01
2020-06-29,25.58,55.25,86.34,4.0,259.28,44.36,26.14,64.45,30.71,102.75,35.99,6.02,4.47,42.83,4.37,72.46,19.15,105.08,30.71,60.35,10.65,13.26,294.35,198.5,35.42,55.16,131.16,32.65,72.58,39.36,548.01,138.48,40.71,19.39,73.485,118.6,44.1,217.63,12.07,127.62,60.35,14.26,54.7,285.19,220.71,42.31,27.66,304.43
2020-06-30,25.55,54.84,87.24,5.6833,262.99,44.64,26.78,64.96,31.16,106.249,36.28,6.09,4.65,43.29,4.33,73.24,19.5,105.78,31.16,60.94,10.26,13.39,312.14,203.5,34.36,55.81,132.21,32.7,72.5,41.9,536.9,140.0,41.22,19.21,73.59,119.92,44.61,219.36,12.13,129.6,60.94,14.43,55.05,290.59,227.05,42.38,28.67,308.57
2020-07-01,25.37,55.11,87.33,4.8219,268.68,44.81,27.02,64.545,30.2,111.11,37.36,5.97,4.33,43.82,4.44,73.05,18.52,105.21,30.2,60.58,10.96,13.7,308.62,204.66,35.06,53.48,132.34,33.74,70.69,41.67,555.67,140.13,40.76,19.87,74.03,118.95,44.06,219.54,12.165,130.11,60.58,14.97,54.67,286.28,237.53,40.87,27.15,310.57
2020-07-02,25.83,55.68,87.41,5.2501,267.0,44.9,27.57,64.71,30.91,110.69,37.49,6.04,4.435,44.28,4.29,73.28,18.43,105.02,30.91,61.57,10.6,13.35,304.67,206.21,35.33,54.06,132.86,34.51,70.804,41.94,556.98,142.92,41.56,19.53,73.77,119.15,44.65,222.17,12.31,129.86,61.57,14.37,54.79,291.34,233.46,41.97,26.91,312.18
2020-07-06,26.15,55.04,87.7,8.38,269.0,45.23,27.53,64.94,31.49,112.98,37.4,6.19,4.3,44.16,4.24,73.45,19.1,105.88,31.49,63.0,10.57,14.4,314.34,210.69,35.69,55.72,133.27,34.51,71.4,42.4,554.89,147.58,41.55,19.87,75.43,119.24,45.23,221.49,12.09,129.44,63.0,14.44,55.24,291.44,240.3,43.16,27.47,316.99
2020-07-07,25.67,54.6,85.55,7.09,264.89,45.22,27.14,63.94,31.87,112.21,37.0,6.1272,4.14,43.65,4.09,73.97,18.29,106.1,31.87,59.84,10.22,13.84,306.75,208.24,34.66,55.23,133.57,34.03,68.87,40.37,581.56,144.06,40.38,19.05,74.27,118.06,44.26,223.51,11.93,129.21,59.84,14.84,55.05,299.11,240.86,42.22,26.04,313.72
2020-07-08,25.37,54.56,87.17,7.54,262.4,45.08,25.85,63.15,31.27,111.91,37.16,6.1,4.13,43.08,4.26,74.49,18.53,104.8,31.27,60.69,10.82,12.675,309.87,212.84,34.74,56.71,134.23,33.75,69.56,41.67,587.68,146.94,40.52,19.51,74.11,117.71,44.64,225.62,12.13,128.57,60.69,15.12,55.38,295.95,243.57,42.26,26.0,316.12
2020-07-09,25.02,53.71,84.95,7.49,255.0,43.915,25.75,61.29,30.78,114.5,36.62,5.85,3.82,42.37,4.21,73.32,17.48,103.38,30.78,58.25,10.11,12.425,315.25,214.4,33.25,55.12,132.69,33.47,67.48,40.11,593.64,152.67,39.85,19.11,73.59,117.91,43.24,229.54,12.29,126.75,58.25,16.4,53.96,295.4,244.46,39.01,24.9,314.42
2020-07-10,25.28,54.22,84.88,7.09,254.99,45.15,26.61,62.64,31.45,111.25,37.38,6.1,4.0,42.49,4.34,73.69,18.67,105.17,31.45,60.73,10.18,12.6,314.2,213.65,34.65,55.31,134.5,33.83,68.98,37.12,603.67,153.42,40.88,20.31,74.29,118.87,44.11,229.77,12.22,127.75,60.73,16.07,54.48,294.45,245.06,40.11,26.27,317.61
2020-07-13,25.82,54.77,85.6,5.9701,257.56,45.25,26.84,62.63,31.08,104.555,37.46,6.07,3.87,41.62,4.26,73.42,17.91,104.69,31.08,60.04,10.32,12.39,305.33,207.1,34.32,54.28,134.91,35.21,69.68,35.88,589.635,150.93,41.3,19.48,72.69,118.72,44.65,225.77,12.14,127.86,60.04,14.5501,54.45,284.74,239.02,39.59,26.77,314.81
2020-07-14,25.94,55.0,86.87,5.9,263.42,45.87,27.09,63.69,30.75,103.72,37.87,6.37,3.94,42.17,4.09,74.85,18.96,107.19,30.75,60.24,10.69,12.32,308.25,208.39,35.08,56.98,135.43,35.235,69.96,35.49,622.51,153.87,41.24,19.12,72.72,120.08,44.74,230.52,12.205,131.88,60.24,13.87,55.44,293.83,239.73,40.11,26.7,318.89
2020-07-15,26.5,55.22,88.41,5.72,267.14,46.38,27.93,64.58,30.72,101.97,38.05,6.74,4.51,42.53,4.19,74.69,19.37,105.88,30.72,62.67,11.75,12.64,312.52,208.05,35.77,58.59,133.6889,35.72,74.25,37.26,640.39,156.62,41.88,21.73,75.6,121.72,45.71,225.51,12.465,132.0,62.67,13.97,55.06,295.11,240.29,40.68,27.96,321.865
2020-07-16,26.42,55.21,88.36,5.99,264.31,46.235,27.94,65.035,30.64,103.25,38.05,6.8797,4.275,42.79,4.17,74.99,19.21,106.08,30.63,62.33,11.85,12.45,313.2,203.92,36.07,59.46,133.89,35.59,74.6,37.31,630.61,155.25,42.09,21.16,74.4,121.95,45.555,227.91,12.32,134.53,62.33,13.8,55.79,290.68,240.95,41.35,28.03,320.81
2020-07-17,26.23,55.74,87.98,6.48,266.35,46.82,28.35,65.36,30.93,102.68,39.39,6.81,4.135,43.76,3.96,75.19,18.13,106.71,30.93,59.71,11.55,12.36,316.84,202.87,36.09,60.23,134.68,36.24,73.32,38.79,642.43,156.32,41.67,20.54,74.16,121.67,45.39,228.37,12.415,136.48,59.71,13.94,56.3,294.53,241.98,41.42,26.87,321.67
2020-07-20,26.22,55.27,88.37,6.33,259.0,46.07,27.72,63.9,29.93,106.7,38.32,6.66,3.9,44.09,3.85,74.2,18.06,105.3,29.93,57.91,11.35,12.0,326.85,211.49,35.01,59.8,133.11,36.5,71.22,40.42,650.91,159.7,41.37,20.23,74.96,119.8,45.52,227.74,12.39,135.51,57.91,14.69,55.87,303.11,245.42,40.45,26.18,324.36
2020-07-21,25.87,55.56,90.28,6.09,265.72,47.19,28.35,64.52,30.18,104.55,38.74,6.69,4.1,44.77,4.015,74.04,19.7,106.58,30.18,59.68,11.73,12.15,325.03,208.75,35.85,59.83,134.45,36.69,71.53,39.61,654.29,162.49,41.95,20.725,75.42,120.22,46.04,226.73,38.38,137.31,59.68,14.16,55.84,291.4,241.76,40.42,27.7,324.96
2020-07-22,25.97,55.84,97.32,7.01,268.17,48.46,28.66,63.78,29.31,104.23,38.99,6.85,4.0,45.58,4.12,74.14,19.29,107.61,29.31,59.69,12.05,12.03,326.57,211.7533,35.8,61.89,135.99,38.565,71.33,41.14,664.13,164.4,42.01,20.54,77.23,123.15,45.87,227.55,38.2,138.46,59.69,14.08,55.76,291.28,239.8027,40.69,27.41,326.82
2020-07-23,25.88,59.67,96.08,7.08,269.82,48.29,28.67,63.81,30.19,102.46,38.655,6.98,3.98,45.455,4.12,74.23,20.33,108.43,30.19,60.12,12.28,12.2,320.01,202.6,36.55,61.215,137.08,38.42,71.67,41.66,658.07,161.27,41.79,20.78,75.37,122.34,45.65,227.93,36.57,146.38,60.12,13.69,55.91,284.52,232.61,40.34,29.15,322.935
2020-07-24,25.73,60.17,97.01,6.75,270.49,48.5,28.52,63.34,29.41,101.58,37.78,6.8872,3.86,44.59,4.03,74.34,20.04,108.13,29.41,59.91,11.8,12.33,321.55,201.3,36.48,61.73,136.08,37.67,71.45,40.23,828.34,158.65,41.38,20.15,75.78,123.75,45.05,226.9,33.76,145.69,59.91,13.4,56.845,278.55,230.82,40.51,27.95,320.86
2020-07-27,26.12,61.05,97.93,7.0548,264.0,48.48,28.8015,62.58,29.35,105.95,37.58,6.94,3.7,45.42,4.01,74.64,20.47,108.84,29.35,60.82,11.53,12.18,331.55,203.85,36.14,63.57,137.67,37.6,71.59,43.49,814.0,164.88,41.475,19.46,76.46,122.71,44.93,229.29,29.74,146.29,60.82,14.06,56.875,284.46,233.5,39.84,28.46,323.18
2020-07-28,25.8,61.24,97.19,7.26,265.24,48.18,28.19,63.27,29.4,102.48,37.98,7.0099,3.62,44.89,3.95,75.73,19.44,109.26,29.4,60.82,11.63,12.57,322.87,201.74,36.33,61.22,137.38,39.03,71.38,39.45,819.89,160.36,41.17,19.2,74.8,123.31,44.55,228.46,30.29,145.73,60.82,14.04,57.5,278.77,230.1,40.68,28.42,321.2
2020-07-29,25.79,62.27,98.1,9.62,281.57,48.02,28.83,64.22,30.15,108.69,38.56,6.91,3.62,46.55,4.06,76.21,18.46,110.48,30.15,61.89,12.29,12.32,326.25,204.06,36.76,62.64,137.97,39.27,72.73,41.52,816.48,164.66,41.77,18.5,77.42,123.68,44.93,231.04,33.5,145.82,61.89,14.42,57.465,278.72,233.27,41.15,28.95,325.09
2020-07-30,25.305,61.44,100.06,12.46,277.3,47.69,28.49,64.0,29.55,112.4,38.47,6.74,3.43,44.09,4.105,76.92,18.05,109.35,29.55,60.5,11.22,12.25,323.45,203.89,37.45,61.29,137.69,38.74,71.09,42.94,797.39,160.16,41.46,17.31,76.63,124.61,44.51,231.15,33.37,145.29,60.5,14.88,57.32,279.46,234.6,40.63,28.7,323.98
2020-07-31,24.35,60.48,99.61,11.0299,273.82,47.24,28.56,62.93,29.88,118.34,38.61,6.6,3.31,43.85,4.01,77.23,17.84,109.29,29.88,60.35,10.735,12.16,325.61,205.1,37.52,60.47,137.7,38.48,71.34,41.62,812.55,159.2,41.12,17.39,76.54,125.88,44.27,236.12,31.03,145.4,60.35,15.02,57.49,272.0,253.71,40.71,28.56,326.55
2020-08-03,25.08,61.26,100.9,10.5311,270.8,46.32,28.52,63.87,30.94,126.49,37.99,6.695,3.35,44.71,4.15,76.59,18.13,110.98,30.94,59.81,11.03,12.07,328.59,216.54,36.81,62.14,136.7,38.36,69.63,40.7,817.65,162.13,41.17,16.37,75.5,127.82,44.49,231.96,32.2,144.92,59.81,16.81,57.24,279.51,251.84,41.07,28.11,328.76
2020-08-04,25.96,61.75,100.54,11.35,270.89,46.7,28.71,65.0,30.04,129.62,38.74,6.86,3.45,44.26,4.44,76.76,18.55,113.27,30.04,59.47,11.5,12.16,328.14,213.35,36.76,62.5,137.47,38.39,66.66,41.37,830.64,160.26,41.46,17.15,75.14,130.48,44.71,237.58,33.95,144.3,59.47,17.52,57.92,275.71,249.83,40.94,27.87,330.03
2020-08-05,25.62,61.2,101.96,12.5791,275.435,47.23,28.585,64.4504,28.42,135.56,37.73,6.96,4.11,42.96,4.63,76.18,19.26,111.15,28.42,61.94,12.26,12.41,340.4,212.95,36.53,64.5,136.25,38.44,68.5,41.86,842.67,161.63,42.0712,17.19,75.78,129.37,45.27,237.16,35.5,142.33,61.94,15.08,57.54,273.23,249.13,40.81,28.69,332.06
2020-08-06,25.25,60.41,102.75,12.1798,271.54,47.48,25.42,64.11,28.39,130.655,37.9,6.935,4.145,43.305,4.43,75.86,18.64,110.24,28.39,59.99,11.99,12.06,339.18,216.35,36.57,64.93,135.86,38.2798,64.85,43.4,845.34,161.95,42.24,17.75,75.64,129.01,45.47,236.28,37.78,143.67,59.99,13.91,57.84,273.34,265.28,40.89,28.8,334.31
2020-08-07,24.67,59.71,102.9,11.83,276.65,47.8,25.33,64.97,29.28,135.06,38.93,6.87,4.04,42.91,4.16,76.24,18.44,111.01,29.28,61.295,12.71,12.5,342.08,212.44,37.26,66.44,136.73,38.45,65.96,43.7,825.94,161.1,42.49,18.38,75.77,131.78,45.77,237.48,36.98,143.9,61.295,14.86,58.53,272.99,268.5,41.52,30.8,334.55
2020-08-10,24.88,59.56,104.19,11.06,278.69,47.72,25.41,65.72,30.61,134.75,38.305,7.1,4.41,42.66,4.33,76.67,19.43,112.87,30.61,64.04,14.07,12.91,344.23,208.33,37.9,66.78,136.08,38.42,68.68,41.73,794.68,159.63,43.32,19.69,77.47,132.96,46.42,233.41,38.2,143.96,64.04,14.48,59.0,268.73,263.0,42.87,31.35,335.55
2020-08-11,25.6,58.78,104.12,10.07,280.3,47.93,26.79,65.26,30.64,127.45,37.92,7.23,4.82,42.81,4.36,75.95,19.41,112.73,30.64,64.47,14.71,12.9,335.47,203.33,38.23,66.61,135.15,37.8,70.21,42.87,796.81,159.2,43.715,20.19,78.88,131.74,47.47,222.28,37.93,142.53,64.47,13.96,58.51,261.85,256.11,41.85,31.77,332.82
2020-08-12,25.91,60.15,105.005,11.48,283.11,48.43,26.37,64.98,30.75,121.97,38.7,7.1,4.64,43.39,4.53,77.24,19.4,114.92,30.75,63.72,15.275,12.87,345.59,209.29,38.45,67.41,137.74,38.34,69.79,43.24,818.95,162.6,44.27,19.81,79.29,134.62,48.24,226.88,37.16,146.03,63.72,14.67,58.59,270.85,259.82,41.81,31.58,337.42
2020-08-13,25.59,59.9,107.98,11.01,282.33,48.38,26.91,64.7,30.56,128.83,37.95,7.03,5.31,43.15,4.64,76.99,18.52,114.66,30.56,63.82,,12.78,350.445,208.72,37.805,67.65,138.1,38.17,70.12,,844.22,161.0,44.02,20.6,79.01,,48.0,,39.49,,63.82,15.02,58.52,267.0,,41.0,30.9,336.86
2020-08-14,25.43,59.45,109.52,11.05,283.09,48.45,27.89,65.68,30.31,129.26,37.93,7.045,5.63,42.92,4.74,77.02,18.81,113.95,30.31,64.24,,12.76,349.09,208.89,37.67,67.32,137.44,38.06,70.68,,816.62,160.09,43.52,21.15,78.38,,47.9,224.37,41.32,,64.24,14.79,58.79,267.29,261.24,41.905,31.2,336.86
2020-08-17,25.74,59.76,110.77,10.55,283.15,48.21,27.78,64.9,31.01,129.75,37.35,6.98,5.71,43.44,4.63,77.22,18.55,113.5,31.01,63.1,14.94,12.8,354.99,210.2492,37.74,67.31,137.98,38.36,70.89,43.87,837.36,160.48,43.33,20.28,78.96,138.26,47.7,226.79,41.54,148.34,63.1,15.0,58.81,273.76,261.23,41.18,30.59,337.88
2020-08-18,25.57,60.05,110.5,10.235,282.32,48.42,28.4,65.19,30.57,133.04,37.07,6.89,5.56,43.51,4.81,77.65,17.98,113.89,30.57,62.04,14.4,12.21,358.78,211.48,37.76,67.63,138.16,38.36,68.47,43.67,843.58,161.79,43.28,19.96,78.99,136.9,47.36,228.17,42.77,149.59,62.04,14.99,59.17,271.31,262.33,40.77,29.61,338.62
2020-08-19,25.53,60.06,111.97,9.45,283.42,47.38,28.56,65.29,30.53,131.1399,37.025,6.87,5.35,43.38,4.72,77.96,18.25,111.35,30.53,61.4,13.55,12.28,360.97,209.7,37.85,67.08,136.45,38.26,67.55,45.29,845.5,161.32,42.83,19.75,77.64,154.26,47.23,227.94,44.04,147.76,61.4,14.85,59.06,269.99,262.72,40.27,29.25,337.22
2020-08-20,25.02,60.1,111.74,7.92,281.89,47.36,28.79,63.72,30.45,130.09,36.31,6.8402,5.61,43.39,4.61,78.26,17.39,111.92,30.45,61.03,13.68,12.3,366.42,214.55,37.16,66.55,136.75,38.73,67.28,47.03,852.62,162.93,42.53,19.26,77.22,152.37,47.2,228.3,46.0,147.74,61.03,15.45,58.97,271.22,269.01,39.71,29.06,338.25
2020-08-21,24.935,59.55,114.0,6.81,284.57,47.28,28.43,63.9364,28.61,130.37,36.52,6.6672,5.365,42.94,5.04,78.7,16.88,112.11,28.61,61.67,13.77,12.24,368.63,213.02,36.81,68.22,136.47,38.88,67.04,47.45,883.25,160.31,42.14,19.15,77.07,153.64,47.16,226.42,44.6,147.43,61.67,14.745,59.0,271.33,267.01,39.47,29.12,339.44
2020-08-24,25.16,60.29,117.36,8.07,279.16,47.97,28.53,63.87,29.28,128.74,37.69,6.99,5.85,43.06,4.87,79.13,17.41,113.07,29.28,65.98,15.61,12.7,376.31,213.71,38.03,68.94,137.68,38.84,70.25,46.49,891.01,163.92,42.6,20.21,78.7,153.34,48.4,223.13,44.72,148.92,65.98,14.18,59.61,267.45,271.43,39.73,29.87,342.94
2020-08-25,25.47,60.18,112.63,7.74,276.48,47.91,28.64,63.47,29.15,125.48,37.13,6.94,5.88,43.49,4.98,78.59,16.82,120.75,29.15,64.44,15.9,12.67,378.45,216.4564,37.62,68.9,137.28,38.405,69.12,46.67,874.78,165.62,42.6,20.7,82.73,152.84,48.97,219.17,43.82,148.68,64.44,14.5001,59.43,272.35,280.82,39.49,30.01,344.0999
2020-08-26,25.72,60.33,112.31,7.35,270.18,48.16,29.23,62.69,29.14,126.91,37.275,6.82,5.59,43.36,5.11,78.65,16.57,121.73,29.14,64.07,17.0,12.43,381.5,221.15,37.51,69.94,138.45,38.07,67.65,46.99,882.93,168.46,43.11,20.5,82.4,152.72,50.46,220.24,46.0,149.15,64.07,14.66,59.46,271.22,303.91,38.66,29.25,347.56
2020-08-27,25.36,60.39,111.29,7.085,274.59,48.23,29.28,63.4,29.22,122.27,36.9,6.91,5.58,42.87,5.25,79.07,16.62,120.95,29.22,66.62,16.82,12.69,375.01,226.57,37.59,69.11,138.3,37.87,68.26,46.33,889.99,165.85,43.84,22.01,83.45,150.28,50.56,220.64,47.3,148.73,66.62,14.74,59.45,274.48,293.17,39.35,29.94,348.29
2020-08-28,25.71,60.15,111.24,7.29,277.22,49.82,29.53,63.21,29.24,119.6,37.05,6.94,6.1,42.25,5.39,79.38,16.98,119.66,29.24,67.93,16.79,12.89,377.48,228.94,37.9,69.16,139.94,37.91,71.19,48.32,878.61,166.72,43.38,23.43,85.03,150.85,50.19,217.14,49.1,149.2,67.93,15.04,59.27,269.96,293.67,38.765,29.54,350.54
2020-08-31,25.58,59.56,110.9,7.05,281.44,49.52,28.53,62.11,28.71,119.7,36.89,6.82,6.44,42.39,6.69,79.21,16.47,120.13,28.71,65.68,17.27,12.32,375.34,225.06,37.63,67.64,140.06,37.76,68.83,47.48,881.13,165.32,43.22,21.73,84.46,151.17,49.85,223.48,45.84,148.59,65.68,15.23,59.24,278.86,293.0901,38.03,29.23,349.34
2020-09-01,25.44,59.64,113.5,7.574,273.09,49.12,29.43,60.28,30.48,125.05,36.33,6.83,6.56,42.08,7.66,78.1,16.75,117.96,30.48,66.55,18.23,12.4,391.16,227.32,37.01,69.49,139.26,36.88,69.17,49.97,881.26,166.3,42.54,21.47,86.07,150.51,49.65,220.12,46.865,148.44,66.55,15.29,59.18,275.6,295.5,36.76,29.34,352.56
2020-09-02,25.48,60.91,114.0,7.29,279.96,51.18,30.13,60.9,30.4,124.38,38.02,6.945,6.79,43.08,7.71,79.465,16.43,120.86,30.4,68.4,18.6,12.75,398.25,231.46,37.92,69.66,143.28,37.17,71.59,51.01,855.58,168.93,42.82,21.71,88.35,149.79,49.77,223.71,48.62,149.42,68.4,15.47,60.49,281.86,302.5,37.17,29.55,357.68
2020-09-03,25.3,59.79,108.71,6.75,277.01,50.48,29.4,60.44,30.54,116.16,37.29,6.8172,6.95,42.22,7.81,77.66,16.09,118.22,30.54,68.54,17.86,12.55,377.87,217.3,38.0,65.9,139.39,36.37,74.17,47.58,814.35,161.92,42.17,20.86,86.49,146.05,48.88,216.74,47.64,148.42,68.54,14.63,60.625,267.42,291.12,37.1,29.85,345.41
2020-09-04,26.01,59.16,106.29,6.42,276.14,51.04,29.32,60.24,30.24,112.01,37.08,6.9,6.63,42.13,7.64,77.21,16.02,117.53,30.24,68.21,19.29,12.42,361.41,214.14,38.32,65.94,138.76,36.36,74.07,45.1,810.38,159.44,42.39,22.15,86.26,147.12,48.56,212.52,49.78,148.8,68.21,13.94,60.48,266.51,282.625,36.89,30.46,342.6
2020-09-08,25.35,59.67,105.23,6.45,267.36,49.8,28.3,59.53,28.73,110.56,36.45,7.04,6.72,41.46,7.69,75.67,15.13,114.25,28.73,68.39,17.91,12.77,349.8,202.65,37.77,64.68,135.54,35.915,75.09,44.96,792.14,154.76,41.43,22.81,85.39,143.99,47.63,213.0,49.98,145.5,68.39,14.39,59.97,258.75,270.93,36.1,28.64,333.26
2020-09-09,25.29,62.12,108.85,6.645,267.48,50.18,28.75,59.5287,28.78,112.7,36.66,6.97,7.08,42.39,7.35,77.56,14.94,115.74,28.78,68.0,17.99,12.83,323.59,211.18,37.52,65.72,137.05,36.185,73.5,48.02,801.12,162.39,42.1,23.32,85.85,147.6,48.38,219.99,50.28,147.79,68.0,15.055,60.02,263.04,273.7,35.35,28.4,339.76
2020-09-10,24.93,61.08,107.37,6.4,260.59,50.0,29.14,57.99,28.31,110.5,35.84,6.91,6.99,42.27,6.2282,76.41,14.55,113.0,28.31,68.36,17.65,13.22,320.01,205.38,35.615,64.5,134.76,35.64,75.5,50.27,831.12,158.95,41.81,22.32,84.86,146.04,47.73,214.93,50.75,145.05,68.36,15.0,59.53,255.51,268.0259,34.67,27.89,333.92
2020-09-11,25.05,61.98,107.15,6.06,258.05,51.05,29.01,57.4,28.45,110.78,35.84,7.0,7.23,42.63,6.0925,76.75,14.95,113.31,28.45,70.0,17.77,13.265,313.59,204.04,35.09,65.07,135.82,36.07,76.2,48.35,852.39,159.54,41.97,21.99,85.29,147.64,47.98,214.01,50.1399,145.5,70.0,15.09,59.76,258.13,266.6,34.7,27.77,334.08
2020-09-14,25.34,61.76,107.69,6.695,265.55,50.7,28.96,57.94,29.41,112.54,36.26,7.13,7.31,42.69,6.91,77.14,15.56,113.45,29.41,73.19,18.7,13.69,313.82,205.3,35.01,66.41,136.66,37.01,80.59,49.44,865.77,160.7,41.93,24.01,86.63,148.39,48.07,217.32,55.37,144.48,73.19,14.97,60.31,264.8,266.14,35.11,28.5,338.42
2020-09-15,25.53,62.45,107.98,6.71,259.67,51.05,29.45,56.99,29.76,111.01,36.16,7.04,7.5,42.92,7.08,76.93,15.58,112.38,29.76,74.75,18.28,13.48,315.71,208.85,34.29,66.59,135.62,36.95,80.65,51.99,874.39,160.66,42.1,24.27,87.715,149.07,47.95,209.5,58.98,144.33,74.75,14.92,60.6,266.85,272.46,35.27,27.85,340.15
2020-09-16,24.98,62.21,107.05,6.75,263.98,50.8,29.23,57.48,30.05,108.75,36.26,7.025,8.46,42.38,8.674808,76.91,16.63,110.82,30.05,76.42,18.29,13.49,309.99,204.94,34.56,68.82,135.06,36.79,81.27,51.23,857.8,158.97,41.74,25.07,88.38,147.99,47.48,207.34,55.95,143.28,76.42,15.41,60.38,267.68,263.6,36.27,28.04,338.81
2020-09-17,24.93,62.44,105.63,7.62,262.91,50.555,29.59,58.41,29.16,109.2,35.92,7.2899,8.135,42.99,9.2,76.71,16.55,109.97,29.16,74.61,18.79,13.2,303.11,202.96,35.06,68.32,133.19,36.81,78.76,49.46,880.0,160.42,41.96,24.6,86.79,147.63,47.5,206.86,55.43,140.53,74.61,15.2589,60.59,271.63,254.87,37.21,27.46,335.86
2020-09-18,24.71,60.91,105.61,8.33,264.05,50.43,28.99,59.56,29.06,111.82,35.06,7.22,8.1,42.86,9.45,75.82,16.2,109.39,29.06,72.1,18.26,12.52,294.42,200.45,34.32,67.58,131.4,36.63,75.83,46.04,879.17,160.15,41.57,23.84,84.875,148.79,46.93,208.2,56.2,138.96,72.1,15.34,60.35,265.57,252.29,36.95,27.31,330.69
2020-09-21,24.22,59.9,105.97,7.97,257.55,49.11,28.22,58.88,27.84,116.035,34.75,6.87,7.46,41.37,8.75,75.19,15.32,109.78,27.84,68.69,17.32,12.0,295.61,202.64,33.59,66.29,131.25,36.03,71.2,45.4962,882.09,155.96,40.97,22.03,83.91,149.9,45.69,208.53,54.5,137.05,68.69,15.4,59.62,264.0,248.04,35.78,25.72,327.0
2020-09-22,24.37,60.51,107.65,9.0094,247.44,49.66,28.1,58.15,27.485,119.39,35.21,6.77,7.4,41.79,10.555,76.07,14.94,109.88,27.485,69.26,17.87,12.36,313.6,207.38,33.73,68.27,132.13,36.255,75.06,47.0,913.35,157.23,40.83,22.25,83.935,154.09,45.81,212.38,58.09,137.42,69.26,15.74,59.83,267.58,254.73,35.73,25.54,330.33
2020-09-23,24.06,60.48,106.49,7.7,245.74,48.22,27.47,57.4,26.51,115.1,34.48,6.635,7.03,41.45,10.05,75.12,14.08,108.31,26.51,69.07,17.51,12.82,316.91,200.59,33.09,66.0,131.02,36.0,72.01,45.21,898.13,152.12,40.63,21.38,83.01,151.01,45.29,212.23,54.82,134.34,69.07,15.83,58.92,263.82,249.02,35.1,24.82,322.66
2020-09-24,23.35,60.59,104.74,7.685,248.895,48.705,27.63,56.7,27.08,113.68,34.8,6.65,6.57,41.55,9.1352,75.74,13.96,110.86,27.08,69.38,17.66,12.87,315.87,203.18,33.04,66.6,131.59,35.76,71.65,46.42,868.03,153.33,40.61,19.94,83.04,151.99,45.59,213.7,52.87,137.59,69.38,15.19,59.19,263.26,249.52,35.03,25.09,323.52
2020-09-25,23.45,60.81,105.98,8.5199,255.13,48.73,28.39,57.32,27.3,118.29,35.525,6.51,6.07,41.73,10.02,75.96,14.17,112.15,27.3,70.55,18.16,12.93,315.53,207.77,32.65,66.93,133.54,36.05,71.07,47.5,876.61,152.1,40.7,20.96,84.31,154.35,45.81,211.51,57.08,139.53,70.55,16.69,59.39,268.24,254.82,35.44,25.64,328.69
2020-09-28,23.65,61.69,108.5,9.1,257.36,49.29,28.98,57.96,27.77,123.78,35.75,6.695,6.21,42.16,10.09,76.63,14.86,113.24,27.77,71.2,19.4,13.6,318.99,209.61,33.57,68.78,138.07,36.41,70.51,48.67,899.91,157.17,41.84,21.54,86.09,156.45,46.63,212.06,58.21,140.41,71.2,16.59,59.38,267.84,256.91,36.07,26.45,334.2
2020-09-29,23.39,61.91,110.06,9.95,259.72,48.92,28.58,57.54,27.42,123.2,35.31,6.59,5.78,42.43,10.35,76.22,14.57,113.02,27.42,69.66,17.95,13.31,323.49,207.16,33.54,67.64,137.16,36.17,67.33,49.75,880.68,156.65,41.4,20.52,84.8,156.94,45.96,210.41,54.48,141.14,69.66,17.13,59.24,270.31,261.79,35.37,26.55,332.39
2020-09-30,23.7,61.68,111.26,10.3,268.22,49.32,28.81,58.38,27.88,121.62,35.75,6.65,5.75,42.49,10.21,77.15,14.655,115.51,27.88,70.27,18.69,13.4,329.44,210.32,33.56,68.78,138.25,36.68,67.96,49.93,883.9,155.82,41.49,20.3,85.86,157.43,46.24,210.1,56.05,143.33,70.27,17.44,59.44,271.74,261.8,35.92,26.98,334.89
2020-10-01,23.7,61.93,114.11,10.63,270.17,49.19,28.68,57.84,28.21,131.69,35.825,6.745,5.78,41.86,9.77,77.06,13.48,116.04,28.21,71.575,19.13,13.94,341.17,212.46,32.78,69.68,140.8,36.37,69.11,52.87,873.92,156.83,41.72,19.93,86.75,158.61,46.53,211.68,57.09,143.92,71.575,18.69,59.47,273.51,266.63,35.87,27.26,337.03
2020-10-02,24.12,62.65,112.41,10.855,275.0,49.38,29.37,57.84,28.94,131.68,35.94,6.89,5.91,41.41,9.39,77.41,14.02,116.42,28.94,72.53,19.52,14.15,332.83,206.18,34.04,70.68,138.18,36.37,69.92,52.79,880.1,154.33,42.05,20.73,86.57,159.01,46.93,209.22,56.87,142.92,72.53,18.8301,59.25,260.87,259.91,35.77,28.29,333.87
2020-10-05,24.42,62.94,116.02,11.07,284.64,49.38,30.11,58.96,28.89,136.69,36.79,7.02,6.54,42.59,9.45,78.4,14.55,117.41,28.89,74.9,20.04,15.02,337.88,210.37,34.95,72.76,137.93,36.74,71.8,53.56,882.71,156.74,42.03,20.16,88.46,161.44,47.88,209.11,57.0,143.74,74.9,18.84,59.66,268.98,264.65,36.61,29.49,339.73
2020-10-06,24.47,61.72,112.4198,10.8,283.51,48.94,30.09,58.22,29.59,134.55,37.15,6.98,6.3,42.96,9.14,77.51,14.38,117.5,29.59,74.66,18.84,14.7362,329.36,205.91,34.91,73.6,135.7,36.15,69.26,52.92,896.49,154.06,42.0,20.58,86.97,158.3,47.56,211.04,55.035,141.54,74.66,18.85,59.43,261.11,258.53,35.94,29.56,334.94
2020-10-07,24.81,62.03,114.49,10.315,293.12,49.55,30.53,59.42,29.19,142.66,37.84,7.24,7.0099,43.21,9.35,78.12,14.61,117.41,29.19,76.92,20.21,15.48,338.91,209.81,35.6799,75.0,137.0,36.46,71.78,54.08,914.0,154.2,42.68,21.45,88.43,160.47,47.74,215.18,55.76,143.4,76.92,19.5394,59.6,265.53,258.01,36.48,30.5,340.73
2020-10-08,24.7,62.22,114.9,9.625,293.42,50.46,32.32,60.48,29.66,139.53,39.32,7.35,6.4,43.19,13.505,78.76,15.46,117.13,29.66,78.33,20.93,15.56,337.97,210.63,36.79,74.67,137.86,36.89,74.32,53.67,921.86,156.16,43.0,21.66,89.53,161.86,47.5,212.86,54.74,143.52,78.33,19.89,59.18,268.55,263.7051,37.08,31.22,343.73
2020-10-09,24.38,63.15,116.62,9.75,294.35,50.81,33.43,59.405,29.76,146.67,39.2,7.245,6.7325,43.18,12.03,79.77,15.02,118.69,29.76,77.61,20.82,15.21,346.59,215.81,36.11,75.0,138.45,36.78,73.94,54.82,919.14,157.05,42.98,21.59,90.02,163.72,46.87,214.81,52.42,145.64,77.61,20.21,59.33,269.95,264.49,36.345,30.64,346.84
2020-10-12,24.23,63.09,118.33,9.16,298.56,51.09,33.6,59.72,30.38,147.399,39.98,7.675,6.46,42.92,11.7903,80.64,15.04,119.92,30.38,77.84,21.05,15.81,348.055,221.41,35.64,75.01,142.17,36.82,73.65,54.8802,948.52,158.85,43.49,21.07,90.79,164.52,46.92,215.52,53.97,147.99,77.84,20.02,59.56,274.61,275.75,36.93,31.1,352.43
2020-10-13,24.08,63.18,118.21,9.25,297.44,50.18,33.69,59.11,30.15,153.16,40.98,7.765,6.03,42.38,11.87,80.24,14.88,120.09,30.15,76.81,21.83,15.65,356.29,222.83,35.35,74.78,143.54,36.89,72.24,54.5,972.21,156.69,42.74,20.07,90.15,165.65,46.0,221.17,55.31,148.87,76.81,20.56,59.37,276.18,276.06,36.17,30.51,350.15
2020-10-14,24.0,63.44,118.45,9.9943,292.33,50.13,33.83,58.51,30.08,149.923,41.03,7.57,5.89,42.75,12.25,79.86,15.03,118.99,30.08,75.75,22.14,15.505,351.995,220.93,35.42,75.12,142.6,36.86,72.99,55.66,963.56,157.57,42.49,19.56,89.32,163.97,45.64,218.99,55.31,149.52,75.75,20.7,58.44,271.58,271.73,35.905,29.8,347.97
2020-10-15,24.06,62.3,120.58,9.36,294.88,49.99,33.99,59.33,30.55,150.66,41.42,7.62,5.73,41.33,13.82,79.71,14.92,118.88,30.55,77.91,22.55,16.02,353.6,219.66,35.56,75.54,141.43,36.55,75.75,51.79,947.21,153.82,42.47,19.45,88.835,165.46,45.85,218.64,55.54,150.41,77.91,20.2,58.17,215.165,266.72,37.65,30.62,347.51
2020-10-16,24.24,62.745,119.35,9.7501,296.99,50.03,34.08,59.58,30.5,147.66,42.11,7.67,5.67,41.95,13.31,80.3,14.36,117.89,30.5,75.81,22.79,15.73,350.14,219.65,35.4,75.69,141.8,37.96,74.83,48.41,944.75,155.11,42.61,19.29,88.54,164.92,45.78,214.99,54.97,149.93,75.81,20.085,58.06,218.08,265.93,37.42,30.0,347.25
2020-10-19,24.42,61.83,120.89,9.2189,291.86,49.625,33.5,58.77,29.31,148.37,41.865,7.59,5.63,41.47,13.91,79.21,14.37,115.2,29.31,72.54,23.08,15.88,336.33,214.24,34.72,74.28,139.67,37.81,74.35,48.67,933.78,152.49,42.36,19.22,87.61,164.07,45.11,212.69,53.44,147.5,72.54,20.675,57.32,220.6,261.53,36.95,29.35,342.02
2020-10-20,24.52,62.46,120.85,9.2276,291.19,50.22,33.05,59.43,28.85,144.75,42.41,7.74,5.71,39.8,13.86,79.82,14.765,114.13,28.85,72.32,23.58,16.36,330.0,214.56,34.72,73.22,139.69,37.5,73.52,47.375,914.88,150.54,42.33,20.57,88.49,164.89,45.12,210.61,54.33,146.84,72.32,20.62,57.21,214.62,267.58,37.49,29.85,343.34
2020-10-21,24.8,61.58,118.61,8.58,296.16,49.98,32.89,59.22,28.54,133.01,42.14,7.84,5.76,39.73,14.095,80.19,14.52,114.44,28.54,72.75,24.03,16.29,325.45,214.785,34.59,72.47,139.51,37.07,75.01,45.15,912.24,148.41,42.33,20.11,88.25,163.29,45.01,211.38,52.45,145.53,72.75,19.74,56.75,211.38,278.7,37.39,30.41,342.69
2020-10-22,24.62,61.59,117.46,8.59,305.17,50.67,33.14,59.47,28.19,135.94,42.23,8.22,6.3,40.14,14.91,79.29,15.2,115.64,28.19,73.96,24.59,16.55,325.94,214.84,35.3,71.54,139.62,37.43,77.11,45.87,918.09,147.54,42.93,21.91,89.375,159.6,45.67,209.76,54.06,145.44,73.96,19.92,57.32,210.07,278.12,37.52,31.99,344.63
2020-10-23,24.78,61.33,118.2,8.59,310.72,50.525,33.17,60.23,28.39,137.845,42.205,8.17,6.08,40.88,15.03,79.35,15.64,115.55,28.39,74.83,26.54,16.83,333.91,216.26,35.7,71.0,139.51,38.19,77.41,44.955,1091.11,149.57,43.53,22.68,90.79,160.23,46.06,211.19,54.65,146.3,74.83,19.72,57.97,211.58,284.83,38.05,32.09,345.76
2020-10-26,24.46,60.75,114.43,8.0,299.71,49.81,32.7,59.58,28.45,139.73,41.7,8.03,6.23,40.61,13.495,78.71,14.97,115.1,28.45,73.745,25.67,16.27,331.77,210.15,34.9,69.28,138.1,37.97,76.8,43.905,1046.1,114.92,42.93,21.88,89.66,157.89,45.28,212.89,51.75,144.2,73.745,18.97,57.82,207.15,277.12,37.21,32.13,339.415
2020-10-27,24.12,61.01,113.59,8.0389,298.41,49.89,32.34,58.14,28.15,145.77,41.14,7.92,6.4,41.01,12.7,78.85,14.98,113.12,28.15,72.38,25.33,16.52,333.67,213.15,33.81,68.84,139.12,37.42,74.52,43.27,1077.78,114.485,42.31,21.7,90.05,157.03,44.59,214.18,48.49,142.5,72.38,19.2,57.37,212.19,283.29,35.98,30.63,338.25
2020-10-28,23.26,58.37,111.16,7.46,285.92,47.97,31.87,56.585,27.46,139.7,39.5718,7.72,5.74,39.87,11.81,76.88,14.25,111.26,27.46,68.41,23.86,15.86,329.51,202.71,32.96,65.1,134.17,35.445,74.38,44.07,1060.36,108.11,40.78,20.04,87.2,155.28,43.43,209.99,45.25,138.39,68.41,19.1,56.37,208.7,267.55,34.59,30.05,326.67
2020-10-29,23.8,57.69,112.23,8.04,273.26,48.01,32.51,55.93,26.75,132.36,40.16,7.9,6.11,39.06,11.73,76.71,14.29,111.28,26.75,68.86,24.19,16.21,329.98,204.39,33.36,67.3,133.95,35.27,70.59,44.87,1055.51,108.63,41.47,20.9,88.29,154.26,44.12,208.78,46.12,137.78,68.86,18.89,56.75,207.0,279.82,33.51,31.1,329.99
2020-10-30,23.63,56.83,111.56,7.7695,272.94,48.07,32.98,56.11,26.22,121.6,39.93,7.7246,5.72,38.23,10.4679,78.91,14.87,112.22,26.22,67.22,22.27,15.7827,319.67,202.58,35.29,65.37,133.58,35.485,66.84,41.75,1041.32,106.75,41.56,21.6,86.95,152.28,44.24,207.43,44.94,137.49,67.22,18.47,56.99,208.36,263.75,34.04,31.75,326.53
2020-11-02,24.24,57.83,115.72,8.19,278.46,48.63,33.48,58.0934,26.71,126.47,40.94,7.71,5.73,38.11,10.75,80.15,15.68,116.7,26.71,68.77,22.71,15.82,315.33,202.32,37.52,68.1,135.18,36.23,67.43,43.03,1039.99,105.83,42.04,21.77,85.97,154.36,44.58,216.07,46.69,140.77,68.77,18.84,57.71,207.43,261.48,35.79,32.99,330.21
2020-11-03,24.49,58.96,118.82,9.11,293.46,49.34,32.94,59.46,27.63,130.45,42.46,7.885,6.29,38.94,11.56,83.11,15.77,116.97,27.63,70.72,22.43,16.08,327.0,206.12,38.68,66.91,136.94,36.19,69.1,43.47,1002.42,109.71,42.84,23.07,88.35,156.74,45.6,212.19,50.05,142.84,70.72,19.58,57.75,211.01,265.08,37.36,34.39,335.97
2020-11-04,24.37,60.18,119.86,8.93,328.01,49.17,32.79,60.4,27.24,136.2,42.22,7.64,5.9,41.26,10.9,83.87,15.6,114.58,27.24,69.63,21.68,15.64,340.64,216.32,37.28,70.09,137.79,37.3499,68.75,47.41,1023.33,112.45,42.94,23.29,89.77,156.62,45.51,213.09,52.13,143.94,69.63,20.21,57.22,215.09,287.45,36.29,31.73,343.495
2020-11-05,24.86,60.85,122.99,9.67,319.6,49.44,33.94,61.43,28.3,143.64,43.07,7.98,6.31,41.99,11.46,83.0,15.61,115.81,28.3,71.4,23.42,16.14,347.18,223.29,38.25,70.89,138.05,36.39,69.89,47.81,1025.23,115.68,43.41,24.57,90.62,158.63,45.54,212.98,56.0,144.62,71.4,29.02,58.15,219.48,294.715,37.54,32.4,350.21
2020-11-06,26.37,61.44,123.07,9.93,313.32,49.46,33.71,64.99,28.82,146.31,42.83,7.79,5.94,41.42,11.87,83.03,15.15,116.63,28.82,70.01,22.48,15.57,344.25,223.62,38.32,69.02,138.37,36.3998,68.19,45.11,1061.66,115.13,43.31,24.97,90.65,161.51,45.63,218.11,56.94,149.34,70.01,29.265,58.54,220.28,293.41,37.3,32.05,350.19
2020-11-09,27.55,61.23,111.08,9.25,322.06,52.57,34.64,67.55,30.58,121.21,43.33,8.2,6.45,42.97,11.5,81.78,17.51,113.24,30.58,77.81,24.6,16.5,326.96,218.34,41.16,66.11,138.41,39.195,81.74,39.35,949.25,115.22,45.95,29.4,95.84,154.87,48.31,194.98,63.08,149.82,77.81,27.98,59.85,222.86,278.58,39.785,37.45,354.54
2020-11-10,28.06,61.93,112.63,9.465,328.82,54.1,36.24,70.27,31.54,119.4262,42.99,8.38,6.29,43.51,11.11,83.33,17.4,117.66,31.54,77.53,25.77,17.32,321.86,211.02,42.81,68.23,141.72,38.68,81.35,39.23,916.9,116.76,47.0,29.53,93.92,158.01,49.36,198.13,60.27,152.25,77.53,27.14,61.14,215.55,272.43,42.33,38.46,354.07
2020-11-11,28.35,62.95,114.57,10.19,323.38,53.58,36.62,69.51,32.38,130.59,43.83,8.33,5.95,43.2,11.76,84.94,17.28,119.76,32.38,76.99,25.13,16.84,336.73,216.4,42.37,69.26,143.94,38.52,76.25,42.28,957.82,119.59,47.08,28.04,95.03,159.69,49.75,202.67,59.0,153.69,76.99,30.969,61.01,216.73,276.35,41.44,37.35,356.62
2020-11-12,27.79,62.72,114.05,10.43,329.93,53.03,35.05,69.391,33.88,127.01,42.7,8.21,7.41,42.36,11.14,84.73,16.54,117.82,33.88,76.19,24.8,16.46,329.64,215.47,42.21,68.64,143.72,37.55,74.23,43.7,954.06,117.44,46.34,27.34,93.55,159.47,49.08,207.3,57.74,153.56,76.19,30.66,60.8,218.19,275.08,40.77,36.54,353.28
2020-11-13,28.205,62.61,114.33,9.6634,331.41,53.195,36.03,70.7143,35.22,124.9,42.88,8.49,7.805,42.85,11.115,85.035,17.265,118.885,35.22,79.2787,26.05,17.2219,326.105,217.31,44.17,71.17,144.771,38.47,77.55,43.01,936.53,120.03,46.39,28.64,95.51,162.75,49.45,206.41,61.13,153.0533,79.2787,30.94,60.93,226.525,277.27,42.635,37.74,357.33
2020-11-16,29.48,60.99,118.73,10.92,333.17,53.34,37.05,73.12,36.42,125.13,42.7242,8.74,9.296,43.09,12.07,85.94,18.55,120.13,36.42,82.27,26.8,17.7,330.81,217.39,44.92,71.11,144.7237,37.35,79.34,,945.7,118.63,47.42,28.8,97.18,165.24,50.54,206.7771,63.19,154.39,82.27,33.08,60.875,224.51,276.44,44.1649,39.35,362.43
2020-11-17,29.19,60.28,119.02,14.12,329.84,53.72,37.05,67.15,36.67,128.91,43.08,8.745,10.7,42.69,11.64,85.38,18.96,118.4,36.67,85.1,28.66,18.23,338.4,214.47,45.13,71.01,145.24,36.04,84.11,43.81,963.86,117.0,47.38,29.77,98.63,163.29,51.32,209.22,63.9,152.96,85.1,34.57,60.77,223.05,274.95,39.85,39.16,360.64
2020-11-18,28.58,59.46,117.78,14.78,322.38,52.6,36.69,66.35,34.65,127.01,42.7,8.82,10.67,42.31,11.58,84.6,19.77,115.73,34.65,85.54,26.97,18.72,336.56,210.97,43.53,72.57,143.36,36.31,81.79,42.01,917.38,117.93,48.06,29.42,97.94,166.85,52.21,204.92,63.83,150.63,85.54,33.85,60.32,216.34,271.85,38.23,38.485,356.29
2020-11-19,28.45,59.17,118.82,18.32,311.86,53.14,36.96,66.07,35.16,134.52,42.35,8.82,11.9,42.49,12.46,85.38,20.76,116.99,35.16,84.95,28.72,18.92,344.34,212.31,44.06,72.49,143.37,36.18,80.59,43.28,930.12,118.58,48.26,29.4,97.75,171.43,52.49,202.45,65.76,149.4,84.95,34.82,60.22,211.98,272.83,37.86,38.73,357.76
2020-11-20,28.78,59.24,119.15,22.668,305.76,52.66,37.16,66.39,35.02,140.05,41.87,8.75,11.08,42.46,12.71,85.17,20.16,116.22,35.02,84.86,29.38,18.76,345.74,210.34,43.56,70.71,143.42,36.7,78.2,43.84,938.12,117.03,48.51,29.9,97.0,172.32,52.62,202.95,63.98,147.78,84.86,35.52,60.04,215.12,269.7,37.53,38.73,355.34
2020-11-23,29.11,58.25,122.04,33.615,310.66,52.68,37.7948,66.78,36.09,140.04,41.575,8.87,11.58,42.24,13.9,84.54,23.06,116.06,36.09,86.55,30.81,19.01,348.54,210.09,44.12,73.64,143.02,36.5199,83.34,45.5,930.19,117.38,48.84,32.47,96.91,177.62,53.35,202.31,66.91,146.83,86.55,35.05,60.26,218.03,268.32,37.98,39.61,357.47
2020-11-24,29.725,58.11,113.54,28.12,314.07,53.23,38.9,68.43,36.05,137.54,42.75,9.45,11.52,41.96,13.68,84.71,24.22,117.83,36.05,88.75,31.2,19.49,349.5,213.86,47.04,74.32,144.03,36.6,89.03,45.55,892.37,116.79,49.63,32.86,98.32,177.86,54.8,199.67,70.11,148.2,88.75,34.99,60.645,216.51,276.82,38.51,41.32,363.19
2020-11-25,29.35,61.27,113.92,25.25,309.0,52.93,38.58,67.63,36.5,145.09,42.22,9.085,11.58,41.86,14.75,84.74,24.12,117.96,36.5,87.57,31.13,19.49,357.85,213.75,46.49,74.16,144.13,36.5201,88.04,46.83,903.35,118.09,49.74,32.54,98.19,179.8,54.69,200.74,69.37,148.21,87.57,34.34,60.42,218.13,275.59,39.07,40.73,362.65
2020-11-27,28.77,60.52,112.57,27.985,312.9,52.71,38.47,67.9,35.67,160.61,41.74,9.095,11.14,42.47,16.05,84.92,23.77,116.3,35.67,85.71,31.44,19.19,365.78,215.29,46.7,74.14,144.59,37.255,88.1,48.7,901.69,119.36,50.09,32.38,98.66,179.93,54.63,202.99,70.08,147.91,85.71,34.88,60.64,226.7,277.8,38.98,39.97,363.65
2020-11-30,27.71,61.05,108.8,25.242,311.67,51.6,38.33,67.89,34.76,160.77,41.06,9.09,10.6,42.23,16.5678,85.62,22.76,117.19,34.76,83.39,30.34,18.39,370.3,214.24,45.97,72.88,144.3,38.31,85.76,47.89,929.6801,121.17,48.74,30.73,98.03,179.68,53.73,202.91,68.13,147.76,83.39,32.72,60.57,227.96,277.46,38.01,38.14,362.0
2020-12-01,28.36,59.75,108.86,22.15,313.64,52.04,38.31,67.525,34.76,154.57,41.25,9.24,10.82,42.71,15.81,86.26,23.33,116.91,34.76,84.81,30.53,18.78,377.52,216.21,46.25,73.22,146.07,39.4001,88.64,49.78,966.54,123.03,50.24,31.39,98.81,179.04,54.67,203.16,67.84,150.02,84.81,31.87,60.58,230.31,286.51,38.455,39.01,365.97
2020-12-02,29.13,59.11,107.49,22.92,318.45,52.11,38.27,69.63,34.9,154.62,41.56,9.195,10.91,42.1,16.59,85.76,23.97,114.88,34.9,85.48,29.81,18.88,372.46,215.42,45.28,72.1,144.62,40.8,88.81,49.61,920.14,122.49,51.205,33.14,98.9,176.45,54.77,201.78,68.531,149.25,85.48,32.71,61.36,226.7,287.56,39.84,40.15,366.7599
2020-12-03,29.35,57.98,106.53,22.699,323.29,52.8,38.22,72.535,34.5,154.74,41.05,9.21,11.22,41.61,16.12,85.2,24.1,116.48,34.5,86.27,29.5,19.4,375.41,214.27,46.67,73.48,144.45,40.1,96.7,51.2,932.63,122.41,51.68,34.3,100.13,174.9,54.93,201.33,71.15,149.85,86.27,32.2,61.75,226.87,281.69,42.82,40.42,366.6698
2020-12-04,30.18,58.48,105.51,23.8568,323.265,53.86,38.66,74.5,35.27,155.0,40.93,9.345,11.72,41.69,16.91,85.03,24.93,117.3,35.27,89.14,29.28,19.83,376.96,214.4,47.54,74.29,145.77,40.35,96.18,51.39,933.6,124.65,52.83,34.29,102.28,175.03,55.48,199.99,73.85,150.88,89.14,31.97,61.575,228.24,279.7,43.41,41.87,369.83
2020-12-07,29.81,58.0,102.72,26.98,319.19,53.0,37.94,73.61,34.8,156.99,41.2,9.22,12.4,41.54,16.32,85.4,24.77,117.06,34.8,88.3,29.34,19.42,371.48,214.32,47.66,76.49,145.37,41.25,95.6,52.5,936.2,123.23,52.51,33.07,101.42,172.91,55.49,200.62,74.88,149.66,88.3,32.905,61.36,227.06,285.58,42.44,42.02,369.12
2020-12-08,29.68,58.565,103.01,29.33,322.65,53.19,38.42,73.91,35.14,163.98,41.33,9.24,12.94,41.58,16.92,85.17,25.28,117.52,35.14,89.26,28.29,19.8,371.2,215.99,47.93,76.46,145.52,42.55,97.23,55.06,940.0,124.0,53.23,33.25,101.2,172.73,55.8,202.88,75.34,150.63,89.26,35.7,61.46,230.03,283.24,41.97,42.42,370.1599
2020-12-09,29.97,58.73,104.76,27.19,318.22,53.3,39.01,73.52,36.02,159.03,41.1,9.44,13.09,41.33,13.6576,84.74,24.64,118.02,36.02,88.13,27.45,20.25,363.35,211.41,48.09,75.24,145.63,41.85,100.84,56.03,937.39,122.93,53.35,32.83,100.34,174.05,56.51,200.51,71.64,152.21,88.13,33.77,61.46,224.38,277.92,41.75,41.96,366.89
2020-12-10,29.56,58.61,103.02,28.81,313.54,53.05,38.73,72.21,36.78,165.38,41.21,9.12,13.28,41.54,14.12,84.58,25.735,115.87,36.78,86.89,27.23,20.78,369.44,210.515,48.21,75.2,144.67,41.73,103.85,58.62,949.0,123.0,53.68,32.4,105.38,172.39,56.84,200.6,71.16,149.69,86.89,34.37,60.515,224.04,276.93,41.67,41.82,366.72
2020-12-11,29.34,58.97,100.59,27.19,311.37,53.35,38.39,71.58,36.31,170.09,41.19,9.02,13.3,40.89,13.31,84.67,25.32,115.16,36.31,86.63,26.44,20.49,344.213,213.27,47.29,74.26,144.99,41.12,101.35,59.66,939.98,120.85,53.8,31.33,103.0,171.71,56.33,201.73,69.9,149.09,86.63,34.97,60.36,224.17,273.58,41.54,42.12,366.28
2020-12-14,29.23,58.14,101.27,26.18,310.1,53.27,38.76,69.72,36.15,169.87,41.06,8.9,9.6597,40.9,12.72,84.16,24.13,113.28,36.15,85.73,24.93,20.33,352.37,214.19,45.9,72.64,144.23,39.21,98.94,64.36,927.44,121.27,53.41,31.15,103.31,170.98,56.17,202.38,71.9,149.14,85.73,35.69,59.98,228.11,273.92,41.48,41.33,364.61
2020-12-15,29.65,58.33,102.99,28.24,313.41,53.85,39.23,69.92,36.39,177.81,42.75,9.15,9.7,41.13,13.87,84.77,24.91,113.44,36.39,87.26,27.06,20.82,355.9499,214.16,46.04,74.58,144.77,38.72,100.5,67.86,930.6,123.06,53.69,32.88,104.19,171.39,56.65,203.06,75.2,150.32,87.26,37.78,60.56,228.61,275.68,41.34,42.31,369.57
2020-12-16,29.46,59.37,103.5,31.5132,310.24,53.06,39.07,69.31,36.43,182.26,42.46,9.04,9.7883,42.29,13.85,85.02,24.74,113.81,36.43,86.37,26.81,21.36,363.03,219.19,46.28,74.57,144.88,37.85,99.5,72.78,951.84,125.0,53.43,32.87,103.27,171.68,56.52,203.44,75.85,150.28,86.37,37.32,59.92,232.26,275.7,40.44,42.4,370.14
2020-12-17,29.32,59.26,102.33,35.2,314.35,53.27,39.69,69.6,36.08,187.98,42.65,9.08,9.6899,42.48,14.83,85.66,25.23,115.36,36.08,86.54,26.86,21.47,385.86,219.42,45.97,77.17,145.73,38.03,100.99,76.49,958.095,128.635,53.545,34.02,103.21,171.24,56.56,202.34,77.02,151.77,86.54,38.51,60.01,236.98,274.48,40.89,42.42,372.21
2020-12-18,29.75,58.79,101.9,36.34,308.57,53.67,39.4,69.53,35.96,190.82,42.57,8.96,9.07,42.71,15.63,85.93,24.89,115.88,35.96,84.88,26.92,21.56,378.29,218.15,45.51,76.91,147.01,37.69,101.14,76.62,964.51,127.35,53.15,33.83,103.26,170.0,56.12,203.28,75.44,150.88,84.88,40.21,60.48,236.73,276.15,40.7,41.62,369.13
2020-12-21,29.0,58.06,103.31,37.585,306.15,52.8,39.56,68.7,35.0,189.2,41.51,8.9299,9.31,41.41,15.5202,85.29,24.17,114.39,35.0,84.93,27.46,21.53,373.31,222.57,44.58,77.5,145.46,37.38,101.38,78.54,963.12,125.33,52.81,32.97,102.935,171.73,55.63,202.45,73.82,149.63,84.93,40.49,59.5,234.73,272.95,40.65,42.1,367.93
2020-12-22,28.82,58.02,104.13,48.49,303.3,52.75,38.97,67.225,35.25,197.59,41.77,8.7978,9.18,41.22,19.43,84.37,24.06,114.73,35.25,82.88,27.37,21.13,360.07,223.97,44.42,77.47,144.01,36.74,98.91,82.11,1023.19,125.92,52.65,32.34,102.4016,172.36,55.0,201.38,74.24,148.62,82.88,39.86,59.0,234.92,267.17,39.2778,42.52,367.22
2020-12-23,28.69,58.39,102.31,43.81,308.27,53.07,39.2,68.01,35.64,190.16,41.7,8.98,9.55,41.39,20.58,84.43,24.51,115.15,35.64,84.27,27.06,21.13,355.13,221.02,45.4,77.5,144.46,37.44,101.93,78.3801,1024.74,126.11,53.27,34.04,102.0,174.95,55.72,202.29,76.63,149.44,84.27,38.42,58.97,235.84,268.05,39.86,44.18,367.53
2020-12-24,28.56,58.68,102.56,49.37,308.67,53.44,39.52,67.99,35.56,190.43,41.83,8.855,9.18,41.315,20.2,85.04,24.16,116.2,35.56,83.95,26.18,20.61,351.16,222.71,45.45,78.3,144.98,37.28,101.03,78.07,1011.54,126.16,53.49,33.68,101.97,175.27,56.08,203.8,75.82,149.95,83.95,37.79,58.87,234.32,267.32,39.58,44.59,368.9899
2020-12-28,28.4,59.08,102.62,47.0,312.89,54.15,38.35,68.07,35.81,178.07,42.21,8.885,9.15,41.6,20.98,85.43,23.66,116.33,35.81,85.45,27.88,20.32,351.35,224.96,45.48,75.66,146.91,36.82,103.46,73.48,994.0,130.91,53.54,33.69,104.36,176.35,56.04,202.25,73.63,151.8,85.45,36.47,58.98,232.55,277.0,39.66,45.29,372.14
2020-12-29,28.22,60.12,100.76,40.41,314.25,54.14,37.95,67.93,35.26,177.01,41.85,8.83,8.82,41.77,19.37,85.03,23.5,115.29,35.26,84.76,26.98,19.82,353.16,224.29,45.54,75.99,147.42,37.04,101.58,72.37,979.87,129.95,53.64,32.83,105.62,175.04,56.29,201.68,73.4,151.43,84.76,35.86,58.83,233.6,276.78,39.43,44.48,371.48
2020-12-30,28.16,60.9,101.4,45.4,314.06,54.45,38.46,67.75,34.99,182.97,41.93,8.86,8.71,41.54,19.26,84.74,23.58,114.75,34.99,86.15,27.74,20.42,350.79,221.68,45.25,76.96,147.37,36.75,103.94,70.85,997.05,130.64,53.91,34.31,105.97,173.92,56.43,201.16,73.68,150.61,86.15,36.6,58.14,232.72,271.88,39.34,44.87,371.93
2020-12-31,28.25,60.35,99.81,42.705,321.09,54.82,38.72,68.28,34.59,177.84,42.21,8.79,8.68,41.56,18.81,85.46,23.15,115.56,34.59,85.35,27.27,20.07,347.84,222.37,45.19,75.76,148.31,36.79,103.71,68.63,994.3,130.39,54.03,34.1,106.99,176.31,56.41,201.91,74.29,152.33,85.35,34.52,58.71,236.09,273.2,39.85,44.91,373.85
