,HMC,BBY,BLNK,ANTM,KO,CTVA,CVS,LEVI,SAM,EPC,ETSY,EXC,F,FOSL,FMS,GME,CL,HP,SJM,EPC,VFC,SIG,LULU,MSFT,TAP,OC,PEP,PFE,RL,RDFN,SAP,BNS,SIX,SBUX,TGT,TD,CLX,CZR,HSY,VFC,UL,UPWK,VZ,VRTX,FB,WBA,WSFS,SPY
2019-06-03,,63.21,2.07,,49.95,,53.39,20.635,315.62,,61.07,48.52,9.61,10.25,36.84,7.46,70.66,,124.3,,,19.09,163.98,119.88,55.9,48.8,128.94,41.93,107.16,15.51,122.855,,,76.21,82.96,,,8.61,132.3,,61.52,,56.36,,164.01,49.91,,274.54
2019-06-04,25.48,63.94,2.32,279.81,50.0,27.48,54.63,21.48,305.77,29.9,61.2,48.71,9.92,11.51,37.69,7.8265,70.84,50.33,124.6,29.9,85.11,20.55,168.9,123.2,58.0,51.1,129.06,42.23,111.81,16.28,125.83,52.28,51.18,78.52,85.88,55.79,152.78,9.0,133.13,85.11,61.38,14.41,56.22,171.27,167.52,51.49,41.05,280.52
2019-06-05,25.63,63.24,2.29,276.96,50.8,27.97,53.18,21.35,309.9,29.54,61.49,49.72,9.77,11.18,37.45,5.0601,71.91,50.99,125.25,29.54,85.77,19.44,173.57,125.83,57.43,51.81,131.4,42.51,111.01,16.0,126.26,52.1,51.25,79.96,85.46,56.05,155.4,9.02,136.06,85.77,61.69,14.16,57.04,173.26,168.15,50.78,40.45,282.9
2019-06-06,25.45,62.31,2.32,277.5,51.41,26.89,54.14,20.82,319.97,30.16,61.97,50.24,9.75,10.7,37.51,5.11,73.11,51.2,122.43,30.16,84.45,19.16,170.44,127.9,57.72,53.06,132.0,42.76,109.47,16.08,126.49,52.37,51.68,81.41,85.73,56.395,158.96,9.13,137.24,84.45,62.08,14.34,57.545,167.82,168.32,50.99,40.35,284.74
2019-06-07,25.58,63.72,2.37,278.12,51.4753,26.31,53.92,20.975,320.36,30.73,63.89,49.96,9.755,11.1,37.61,5.01,73.99,51.87,124.51,30.73,84.7,19.72,172.421,131.4,56.98,52.6,133.45,42.92,110.89,16.86,129.61,52.98,51.84,82.47,86.85,56.7,156.61,9.45,138.01,84.7,62.53,14.38,57.21,173.51,173.34,51.97,39.86,287.63
2019-06-10,25.71,65.16,2.53,282.06,51.37,25.31,55.02,21.65,317.96,30.4,65.3,49.55,9.8102,10.9,37.88,5.45,73.02,50.66,122.62,30.4,85.68,19.1,171.35,132.6,54.74,53.56,133.58,43.05,113.65,18.1,129.42,53.28,52.67,81.92,87.54,56.84,156.77,9.79,136.67,85.68,62.27,15.05,56.14,172.82,174.83,52.31,40.59,288.9305
2019-06-11,25.97,65.52,2.64,283.45,51.31,24.95,53.96,20.91,333.5,30.43,67.19,49.21,9.92,10.97,38.3533,5.71,73.32,51.34,123.09,30.43,85.46,19.81,171.65,132.1,54.63,52.78,133.18,42.67,113.84,17.77,128.38,53.23,51.11,82.37,87.88,56.97,156.13,9.69,136.82,85.46,62.65,15.13,56.82,172.0,178.12,52.87,40.71,288.89
2019-06-12,25.64,64.45,2.78,281.13,51.65,25.12,53.67,20.54,338.19,30.29,69.18,50.45,9.86,10.6,37.27,5.5,73.05,49.44,123.86,30.29,84.77,18.69,170.9703,131.49,54.87,50.05,133.15,43.1,112.66,17.68,128.3,52.65,51.51,82.94,88.28,56.26,156.92,9.8,138.24,84.77,63.16,14.54,57.38,170.63,175.05,52.12,40.76,288.36
2019-06-13,25.74,65.85,2.79,285.3,51.13,24.985,54.59,21.2,341.84,30.99,70.05,50.18,10.06,10.69,37.44,5.7,72.755,50.23,123.55,30.99,86.84,19.12,174.58,132.32,55.11,51.02,132.94,42.51,112.61,18.04,128.78,52.73,50.87,83.36,88.31,56.38,155.93,9.82,137.67,86.84,62.68,15.6769,57.63,168.85,177.49,52.89,41.21,289.65
2019-06-14,25.33,66.04,2.63,285.34,51.32,25.1848,54.18,21.57,339.08,30.61,67.77,50.81,9.99,10.2,37.39,5.64,73.35,48.4,123.31,30.61,87.26,17.96,176.71,132.47,53.99,50.21,132.75,42.76,112.1,17.9,127.7,52.63,51.51,84.25,87.8,56.59,156.86,9.81,138.28,87.26,62.61,15.27,58.28,170.23,181.33,52.57,41.35,289.19
2019-06-17,25.56,66.65,2.72,287.46,50.88,25.98,54.53,21.84,337.56,30.32,68.45,50.43,10.05,10.44,37.77,5.71,73.41,48.73,122.4,30.32,87.18,18.26,183.45,132.89,53.67,49.22,132.51,42.87,112.31,18.22,128.45,52.64,52.05,83.0,87.14,56.61,154.82,9.86,137.7,87.18,62.47,15.42,57.63,173.81,189.04,52.81,41.04,289.44
2019-06-18,25.88,68.67,2.7,288.33,50.65,27.3,54.66,21.79,338.39,30.42,66.93,49.9,10.1,10.64,38.31,5.73,72.9,49.53,120.6,30.42,88.31,18.01,188.09,135.18,54.11,49.27,132.12,43.08,113.36,18.5,131.78,53.17,51.62,82.92,86.47,57.46,153.66,9.95,138.24,88.31,62.33,15.16,57.35,178.0,188.52,52.81,41.5,292.29
2019-06-19,25.8,67.62,2.67,291.12,51.12,27.15,54.89,22.29,338.43,29.08,68.14,50.0,10.04,10.56,39.48,5.64,73.52,49.11,120.87,29.08,88.35,17.56,186.99,135.59,54.66,48.58,132.85,43.49,112.64,18.39,131.8,53.66,52.67,83.8,86.17,57.96,153.08,10.0601,137.9,88.35,62.49,15.47,57.63,181.77,187.44,52.89,41.65,293.05
2019-06-20,25.96,68.39,2.66,291.23,51.66,27.165,53.86,21.74,342.52,28.55,68.83,50.23,10.04,10.85,40.04,5.53,73.6,51.07,121.08,28.55,88.61,17.49,186.51,136.89,54.98,49.18,134.11,43.61,114.87,18.67,134.36,54.13,50.85,84.68,86.22,58.16,154.63,10.04,137.64,88.61,62.24,15.96,57.34,182.13,189.31,52.87,41.59,295.84
2019-06-21,25.84,67.56,2.58,293.9,51.56,27.21,53.68,21.69,346.57,27.88,65.78,50.405,9.98,11.02,39.88,5.42,72.965,51.11,121.51,27.88,88.37,17.63,181.88,136.94,55.42,51.39,133.97,43.69,117.78,18.52,134.32,54.09,50.581,83.82,87.61,57.93,154.89,9.99,137.21,88.37,62.31,15.51,57.79,183.98,191.15,52.46,40.47,294.08
2019-06-24,25.84,67.47,2.6,290.51,51.94,28.0,53.13,21.06,349.54,27.24,63.91,50.15,9.945,11.29,38.9,5.38,73.98,49.98,121.31,27.24,87.85,17.09,182.615,137.79,55.46,50.99,134.16,43.77,116.98,18.51,134.94,54.35,49.67,83.65,86.73,58.29,155.21,11.43,137.46,87.85,62.91,15.49,58.28,181.07,192.57,51.94,39.79,293.64
2019-06-25,25.75,66.41,2.58,285.18,51.76,27.67,53.69,20.76,361.53,26.93,61.8,49.05,9.84,11.11,38.52,5.46,73.92,48.82,120.57,26.93,85.42,16.77,177.26,133.43,55.41,50.9,133.82,43.78,113.68,17.33,133.04,54.13,48.97,84.25,85.7,57.97,155.77,11.57,137.2,85.42,62.48,15.08,58.0,180.16,188.84,52.99,40.34,290.79
2019-06-26,25.51,68.14,2.53,278.84,51.13,29.26,53.7,20.71,358.29,26.62,60.36,47.8,9.905,11.08,38.79,5.46,72.335,49.71,115.98,26.62,85.71,17.35,177.26,133.93,54.96,54.6,132.32,42.99,115.35,17.19,134.01,54.21,48.59,83.39,85.59,58.11,151.63,11.62,134.17,85.71,61.76,15.59,57.0,177.66,187.6,52.38,40.02,290.47
2019-06-27,25.83,68.47,2.565,282.44,51.09,29.54,54.73,21.08,365.51,26.66,62.35,47.56,10.2,11.54,39.05,5.53,72.14,49.71,116.87,26.66,86.69,17.68,180.1,134.14,55.36,56.96,131.67,43.42,113.07,17.78,134.68,54.1699,49.15,83.56,85.87,58.11,152.27,11.66,134.86,86.69,61.66,16.03,57.24,178.58,189.5,54.51,40.69,291.54
2019-06-28,25.84,69.69,2.68,282.09,50.9,29.55,54.51,20.85,377.76,26.96,61.35,47.95,10.225,11.51,39.28,5.465,71.63,50.6,115.21,26.96,87.43,17.89,180.295,133.93,55.97,58.22,131.04,43.33,113.52,17.97,136.8,54.35,49.7,83.82,86.58,58.37,153.09,11.79,133.87,87.43,61.97,16.08,57.125,183.36,192.98,54.66,41.29,293.1
2019-07-01,26.12,72.42,2.64,282.67,51.6,29.68,54.93,21.235,380.54,27.43,62.05,48.06,10.14,10.95,39.77,5.37,72.08,51.42,116.51,27.43,88.33,17.27,179.95,135.69,56.29,58.54,131.86,43.77,113.66,17.95,138.3,53.79,51.99,84.57,86.94,58.6,152.8,12.01,134.24,88.33,62.05,15.61,56.68,181.83,193.0,54.65,41.29,295.61
2019-07-02,26.11,71.64,2.65,280.61,51.98,28.99,54.81,21.37,379.48,27.54,62.67,48.83,10.12,10.65,39.64,5.38,72.741,49.43,117.59,27.54,86.72,16.39,180.87,136.57,56.13,57.58,132.43,44.22,110.28,17.97,139.34,53.96,52.71,85.5,87.05,58.8,154.19,12.08,136.11,86.72,63.05,15.4,58.14,179.53,195.0,54.96,41.23,296.46
2019-07-03,26.07,71.98,2.72,282.55,52.1,28.8,55.19,21.79,383.25,28.03,64.29,49.02,10.2,10.55,39.86,5.3,73.98,49.33,119.75,28.03,87.92,16.35,183.93,137.45,56.84,57.94,133.96,44.4,110.49,17.64,140.28,54.45,53.45,87.7995,87.91,59.25,156.95,12.13,138.26,87.92,63.81,15.45,58.12,183.27,197.17,55.19,41.8,298.76
2019-07-05,26.16,71.89,2.7,284.12,52.11,28.64,55.57,22.275,386.87,28.04,63.39,49.2,10.2,10.94,39.93,5.52,73.15,50.02,119.49,28.04,87.82,17.31,183.28,137.07,56.85,57.58,133.03,43.925,110.99,17.79,138.15,54.27,53.15,87.79,88.64,59.41,155.78,12.2,138.26,87.82,63.28,15.82,58.31,178.34,196.49,55.19,42.41,298.36
2019-07-08,26.19,72.03,2.85,284.82,52.0,27.77,55.3,23.24,388.19,29.25,64.01,48.77,10.2,10.97,39.44,5.45,73.39,50.6,119.21,29.25,88.34,18.22,186.82,136.97,56.43,56.89,132.56,43.3,111.35,17.89,138.57,54.16,52.31,87.43,88.9,59.11,156.92,12.1,138.6,88.34,63.5,15.97,57.9,176.79,195.77,55.44,41.86,296.86
2019-07-09,26.0777,71.85,2.7499,284.29,51.6,27.0,54.82,23.69,381.99,28.91,66.85,48.98,10.14,10.88,37.48,5.31,73.115,50.58,118.77,28.91,86.76,17.9875,186.03,136.435,55.54,55.7,131.73,43.37,110.6,17.97,138.31,54.1,52.94,87.23,87.81,58.53,155.49,12.09,138.62,86.76,62.9,16.13,56.42,178.4,199.19,55.48,41.83,297.26
2019-07-10,26.39,71.93,2.78,287.92,51.82,26.54,55.38,20.814,384.83,28.11,66.41,49.38,10.115,10.945,38.4,5.18,73.49,51.83,118.11,28.11,86.84,17.96,183.87,137.86,55.89,55.76,134.41,44.055,109.54,17.94,137.66,54.1,53.34,88.38,85.85,58.44,154.48,11.98,138.57,86.84,62.67,15.97,57.0,178.76,202.71,55.57,40.32,298.61
2019-07-11,26.26,73.74,2.7132,304.05,52.03,26.44,57.96,20.25,383.1,28.14,65.01,49.54,10.1809,11.05,39.6,4.85,73.88,51.77,114.51,28.14,87.86,17.61,183.02,138.4,54.8,55.26,134.35,42.98,111.13,17.71,137.42,54.04,54.175,89.07,86.45,58.75,155.26,11.85,137.08,87.86,62.74,16.12,56.91,176.0,201.23,55.62,40.32,299.3
2019-07-12,26.485,74.78,2.67,310.48,52.11,27.59,57.54,20.1145,397.02,28.23,64.57,49.06,10.49,11.48,39.32,4.91,74.37,52.17,114.19,28.23,88.8745,18.52,189.52,138.89,54.38,56.27,133.28,42.4,112.46,17.89,136.87,53.54,54.06,89.77,87.54,58.71,158.07,11.84,137.17,88.8745,62.67,16.64,57.2,175.8,204.9,55.74,41.05,300.68
2019-07-15,26.55,75.54,2.68,306.85,52.13,28.08,57.44,20.12,386.91,28.1,65.55,48.89,10.42,11.33,39.755,4.76,74.0,51.29,115.09,28.1,88.4,18.12,189.17,138.94,53.7,56.31,134.14,42.76,112.56,17.51,137.13,53.25,54.44,90.16,86.82,58.65,158.52,11.84,138.37,88.4,62.83,16.62,57.59,176.37,203.93,55.89,40.44,300.76
2019-07-16,26.16,74.79,2.65,305.26,52.13,27.86,57.37,19.8,390.69,27.94,64.2,48.39,10.51,11.34,39.46,4.63,74.5,50.59,115.47,27.94,88.29,18.46,190.24,137.08,54.49,57.42,133.81,42.855,115.19,17.11,135.12,53.08,53.79,90.08,88.3,58.67,159.95,11.92,140.43,88.29,63.14,16.63,57.41,176.15,203.84,55.81,40.0,299.74
2019-07-17,25.88,74.22,2.62,304.67,52.16,26.89,56.23,18.9,390.54,28.09,63.41,48.6,10.33,11.04,38.09,4.38,73.76,50.04,116.01,28.09,86.43,18.37,190.37,136.22,54.28,56.02,132.78,42.74,110.8,17.57,134.23,52.91,53.65,90.26,87.85,58.8,159.58,11.9,145.71,86.43,63.08,16.84,57.23,177.03,201.82,54.51,39.365,297.77
2019-07-18,25.76,73.84,2.58,304.57,52.015,26.65,56.51,18.39,389.46,28.03,65.19,48.77,10.265,10.55,38.35,4.2,73.87,50.62,115.91,28.03,87.15,18.75,189.39,136.28,54.38,55.67,132.88,43.06,109.44,16.85,127.23,53.24,53.38,91.499,88.49,59.08,162.01,11.86,147.55,87.15,63.31,16.93,57.22,178.15,200.77,54.82,39.55,298.85
2019-07-19,25.89,74.73,2.54,302.23,51.41,27.4,55.95,18.75,387.59,28.58,65.86,47.57,10.2,10.6,37.63,4.33,72.72,51.28,114.28,28.58,87.36,18.64,187.96,136.62,54.59,55.24,130.13,42.79,110.22,16.98,124.63,53.11,52.25,90.29,88.03,58.79,161.87,11.785,145.18,87.36,62.36,17.0201,56.61,174.05,198.37,54.44,39.73,297.12
2019-07-22,25.86,75.7,2.53,301.78,51.24,27.77,55.47,18.42,394.09,28.26,68.56,47.27,10.02,10.35,38.04,4.15,72.34,50.85,112.1,28.26,86.85,17.82,187.74,138.43,54.225,54.68,130.28,42.82,107.4,17.39,124.86,52.9,52.87,90.92,87.21,58.63,161.59,11.735,147.07,86.85,62.79,16.37,55.5,174.04,202.3,53.945,39.25,297.92
2019-07-23,26.2,76.51,2.78,302.85,54.33,28.12,56.26,18.51,386.07,28.45,67.83,46.34,10.17,10.06,38.38,4.1,72.27,50.25,112.64,28.45,88.27,17.48,189.1,139.29,56.28,55.23,130.75,43.1,108.89,17.8,125.64,53.12,53.16,90.12,88.53,58.8,164.35,11.85,147.29,88.27,62.63,16.61,55.49,175.265,202.39,54.65,40.54,299.96
2019-07-24,26.36,77.87,2.7,288.9,53.77,28.31,55.99,19.24,385.65,29.31,68.05,45.48,10.35,10.39,38.44,4.08,71.29,50.88,112.08,29.31,89.31,18.34,192.21,140.72,56.65,58.54,129.21,42.89,109.71,17.98,127.62,53.46,49.78,90.65,89.1,58.97,163.58,11.96,146.77,89.31,62.23,16.94,55.98,173.34,204.65,55.21,41.19,301.38
2019-07-25,26.03,77.07,2.6599,293.97,53.1,28.02,55.46,19.34,386.38,28.75,68.74,46.14,9.56,10.51,37.58,3.975,72.01,48.96,113.07,28.75,89.37,18.04,191.25,140.19,56.66,59.49,129.01,42.69,110.28,17.61,125.38,53.73,50.82,91.06,87.96,58.69,163.56,11.9,149.75,89.37,60.89,16.84,56.4,169.53,200.69,54.76,41.22,299.9702
2019-07-26,25.75,77.75,2.69,299.89,54.17,28.48,55.54,19.36,398.63,29.53,70.9,45.84,9.57,10.56,37.58,4.02,73.69,48.06,114.27,29.53,88.61,17.48,190.61,141.34,56.6,58.09,131.21,43.1,110.08,17.96,127.03,53.58,52.1,99.11,87.05,58.66,166.32,11.99,152.98,88.61,60.95,17.0,57.08,166.77,199.58,55.05,41.9,301.99
2019-07-29,25.54,77.6,2.76,298.33,53.98,28.79,56.26,19.29,391.1,29.57,69.12,46.06,9.6,10.79,38.11,4.12,75.57,47.72,114.34,29.57,88.33,18.01,192.08,141.04,56.51,57.29,131.52,41.45,111.31,17.47,126.43,53.77,52.67,98.02,87.22,58.82,165.32,11.86,152.21,88.33,61.44,16.4,57.35,166.23,195.92,55.12,41.72,301.48
2019-07-30,25.33,77.01,3.02,299.7,53.72,29.13,56.53,18.82,386.69,31.07,67.98,46.05,9.55,10.86,35.63,4.03,74.74,49.41,113.13,31.07,88.16,18.09,191.75,140.37,56.92,57.88,130.49,38.8137,107.13,18.02,123.03,53.58,52.89,96.65,86.88,58.62,165.13,12.09,152.28,88.16,61.06,16.76,56.63,169.55,197.06,55.4,42.57,300.82
2019-07-31,24.88,76.51,3.04,294.56,52.61,29.54,55.88,19.06,392.34,30.42,67.03,45.09,9.51,11.04,34.77,4.03,71.69,49.67,111.16,30.42,87.37,18.14,191.09,136.21,53.96,57.995,127.81,38.86,104.08,18.04,123.05,53.4,52.78,94.68,86.38,58.44,162.67,11.85,151.74,87.37,60.12,16.44,55.19,166.62,194.24,54.46,42.37,297.38
2019-08-01,24.82,68.23,2.9399,292.93,52.05,31.25,55.38,18.31,383.01,30.54,68.14,44.4,9.31,10.21,34.43,3.84,71.26,46.91,111.73,30.54,83.32,17.08,185.63,138.06,52.55,56.42,127.16,38.25,98.58,17.71,123.07,52.98,53.07,95.38,82.61,57.49,156.21,11.8,151.7,83.32,60.41,16.27,55.25,179.44,192.72,54.07,41.56,294.88
2019-08-02,24.47,68.52,2.83,290.47,52.33,31.44,55.7,18.875,383.79,30.38,59.71,44.76,9.28,9.92,34.24,3.78,71.21,46.13,112.15,30.38,82.78,17.27,178.91,136.9,52.24,56.12,127.95,38.0,98.88,19.66,121.68,52.62,52.38,95.51,81.54,56.97,156.9,11.72,152.15,82.78,59.89,15.88,55.59,178.39,189.01,53.68,41.54,292.76
2019-08-05,24.09,66.11,2.74,283.48,51.66,29.9,54.48,18.64,373.27,28.96,53.95,44.43,9.23,9.8,33.38,3.71,68.805,43.73,110.35,28.96,80.46,16.14,174.48,132.2,50.58,54.96,124.37,36.95,95.75,18.86,118.74,51.72,51.31,93.69,80.8,55.87,155.02,11.54,149.15,80.46,58.69,15.71,55.24,175.55,181.7,51.85,40.5,284.04
2019-08-06,24.14,67.71,2.685,291.01,52.28,30.0495,54.09,18.51,388.99,31.14,55.39,45.22,9.48,10.2,33.51,3.82,69.86,43.85,110.69,31.14,81.66,15.99,179.67,134.66,51.21,55.29,126.45,36.95,95.68,19.52,117.69,51.58,51.4,95.31,82.82,56.17,154.32,11.51,150.35,81.66,58.89,15.47,55.06,176.94,184.5329,51.46,40.59,287.77
2019-08-07,23.98,67.7,2.67,286.48,53.17,30.64,58.13,17.95,394.44,31.14,56.06,45.02,9.53,10.42,33.46,3.8,70.44,43.5,111.41,31.14,81.73,15.36,181.37,135.28,52.13,54.7,127.8,36.58,95.2,20.0,120.46,51.86,52.6,95.19,83.0,55.9,157.62,11.575,152.61,81.73,59.36,16.22,55.09,175.65,185.12,52.48,40.1,288.03
2019-08-08,24.18,68.93,2.76,288.76,53.7,31.62,59.04,17.62,406.88,31.32,58.01,45.43,9.565,11.13,33.59,3.9,71.73,43.97,113.54,31.32,83.64,15.9,186.35,138.91,52.72,55.3,129.5,36.89,97.02,18.69,121.49,52.46,53.65,96.28,83.8,56.68,159.03,11.66,154.57,83.64,59.08,17.0,55.82,182.97,190.18,53.03,41.3,293.55
2019-08-09,23.94,67.36,2.7,287.36,53.42,31.63,59.29,17.33,402.81,29.6,56.44,45.21,9.45,10.43,33.67,3.59,71.51,42.69,111.88,29.6,82.72,14.41,182.88,137.69,52.65,54.09,128.63,36.35,93.72,19.13,119.75,52.32,54.18,96.3,82.4,56.52,158.3,11.53,155.5,82.72,58.85,15.145,55.79,182.98,187.88,52.79,41.69,291.59
2019-08-12,23.73,66.99,2.805,281.99,53.18,29.59,58.73,17.09,402.26,28.29,54.99,45.21,9.29,9.76,33.16,3.5,70.75,41.28,113.58,28.29,81.92,13.13,178.82,135.81,52.01,53.5,128.35,35.39,91.93,18.28,119.04,51.96,53.19,94.9,82.035,55.84,158.55,11.405,155.89,81.92,59.48,15.005,55.66,179.74,185.35,52.02,41.92,288.1
2019-08-13,23.71,71.29,2.83,287.0,53.51,29.6,59.86,17.22,409.6,29.05,55.74,45.53,9.27,9.98,33.49,3.48,71.68,40.5,114.01,29.05,82.78,13.39,179.68,138.6,51.68,54.38,129.96,35.2,93.42,18.18,120.91,52.21,54.14,96.63,84.25,56.35,158.92,11.6,155.39,82.78,59.48,15.47,56.385,183.92,188.5,53.07,41.86,292.43
2019-08-14,22.93,66.96,2.68,272.97,53.0,28.34,58.56,16.24,397.47,27.42,52.85,44.46,9.0,9.74,32.74,3.33,70.52,39.41,113.36,27.42,79.36,12.56,174.6,133.98,50.34,53.59,129.17,34.23,87.87,17.77,116.91,50.83,53.67,94.91,81.88,54.6,157.15,11.465,152.38,79.36,59.47,14.74,55.7,179.53,179.708,50.4,40.64,283.92
2019-08-15,22.99,63.93,2.63,274.21,53.87,28.42,58.84,16.12,408.43,27.28,51.7,44.65,8.87,9.12,32.51,3.23,71.36,39.18,113.59,27.28,77.49,11.67,175.34,133.691,50.86,53.73,130.69,34.48,85.08,16.765,117.09,50.62,55.45,95.54,82.56,53.93,158.95,11.46,155.54,77.49,60.02,14.995,56.305,181.12,182.61,49.29,40.74,284.69
2019-08-16,23.31,65.5,2.75,275.64,54.41,30.235,60.28,16.3,421.9,28.24,52.57,45.13,8.97,9.42,33.09,3.325,72.29,39.41,114.3,28.24,78.8,11.88,177.75,136.13,51.9,55.41,131.71,34.66,86.94,17.0,118.95,51.04,56.16,96.51,84.22,54.63,160.92,11.55,155.44,78.8,61.06,15.0,56.65,184.95,183.63,50.49,42.1,288.87
2019-08-19,23.31,66.28,2.73,273.31,54.68,30.57,61.38,16.3,422.5,29.67,52.41,45.27,9.04,9.78,33.52,3.39,73.07,39.8,116.26,29.67,79.97,12.32,178.67,138.41,52.51,57.21,132.58,35.18,87.08,17.04,119.69,51.4,57.21,96.66,86.56,54.86,162.13,11.485,157.78,79.97,61.82,14.87,57.0,187.07,186.21,51.16,42.68,292.32
2019-08-20,23.21,66.05,2.73,266.57,53.89,30.25,61.59,16.48,431.99,29.36,52.94,45.21,8.95,9.74,33.4,3.42,72.56,38.95,114.58,29.36,79.89,12.03,179.72,137.24,52.16,56.25,132.08,34.62,86.81,17.44,117.99,51.02,57.36,95.62,85.59,54.14,158.94,11.49,156.515,79.89,61.57,14.7,56.28,183.72,183.77,50.67,42.25,290.05
2019-08-21,23.29,67.88,2.71,267.92,54.11,30.6,61.65,16.97,439.6,29.66,54.28,45.44,9.04,9.845,33.41,3.55,72.6017,39.27,113.36,29.66,81.03,12.45,183.34,138.78,51.8,57.05,132.34,34.87,87.06,18.38,121.21,51.28,57.57,96.32,103.11,54.5,158.07,11.6,158.74,81.03,61.85,14.93,56.59,186.4,183.545,50.9,42.41,292.43
2019-08-22,23.22,68.8,2.67,261.05,54.5,30.29,62.04,17.2,437.3,30.21,55.385,45.52,9.04,10.55,33.35,3.88,73.04,39.04,113.91,30.21,81.01,13.85,184.09,137.77,51.69,56.9,132.67,35.1,87.88,18.05,119.54,51.52,58.31,96.51,106.31,54.59,159.19,11.56,158.41,81.01,61.71,14.87,56.78,184.15,182.04,50.94,42.54,292.31
2019-08-23,22.9,66.23,2.59,260.52,53.73,29.06,60.32,16.69,428.92,29.48,54.1,44.9,8.77,10.43,33.41,3.66,72.28,37.07,111.24,29.48,78.36,12.485,180.02,133.4,50.08,54.91,130.4,34.36,83.93,16.86,117.53,50.95,57.88,94.81,103.58,53.86,156.01,11.3,157.12,78.36,61.09,14.4,55.94,180.23,177.76,49.33,41.15,284.81
2019-08-26,23.39,67.72,2.58,260.74,54.52,28.99,60.77,17.18,435.0,29.48,53.57,45.68,8.82,11.49,33.63,3.81,72.8,37.09,112.85,29.48,79.7,12.25,182.29,135.54,50.59,55.19,133.74,34.86,83.69,16.88,118.86,51.23,58.74,96.5,104.77,54.235,157.01,11.49,159.06,79.7,61.51,14.65,56.73,180.71,180.48,50.06,41.97,287.97
2019-08-27,23.3,67.77,2.52,251.19,54.69,28.73,59.17,16.73,441.39,27.76,53.47,46.24,8.765,11.98,33.19,3.69,73.43,36.6,103.69,27.76,79.52,11.13,180.07,135.75,50.15,54.9,134.75,34.32,85.48,16.4677,119.99,51.49,57.33,96.08,104.68,53.96,158.61,11.32,159.32,79.52,62.36,14.04,57.19,178.25,181.29,49.45,40.57,286.84
2019-08-28,23.46,68.99,2.55,253.91,55.1,29.16,59.47,17.11,437.95,28.0,54.39,46.435,8.99,12.03,33.28,3.87,74.02,36.81,104.41,28.0,81.2,11.68,182.79,135.55,51.15,56.16,135.2,35.08,87.74,16.91,118.41,52.15,57.56,97.06,106.41,53.84,159.98,11.43,160.53,81.2,62.64,13.93,57.96,178.35,181.77,49.95,41.05,288.83
2019-08-29,23.48,63.47,2.6,259.75,55.04,29.705,60.15,17.35,436.31,28.21,54.38,46.75,9.12,12.595,33.7,4.25,74.2,37.25,102.83,28.21,83.3,12.28,186.06,138.16,51.05,57.25,136.02,35.34,88.02,16.73,119.86,53.01,58.03,97.69,107.96,54.1,159.27,11.52,157.99,83.3,62.97,14.39,57.94,178.98,185.56,50.4,41.5,292.56
2019-08-30,23.66,63.65,2.56,261.51,55.02,29.29,60.89,16.88,437.83,27.82,52.805,47.26,9.16,12.8,33.6,3.97,74.12,37.57,105.15,27.82,81.9,12.27,184.65,137.92,51.33,57.32,136.75,35.51,88.33,16.88,119.08,53.2,59.17,96.54,107.02,54.18,158.15,11.5,158.44,81.9,63.18,14.45,58.105,180.01,185.68,51.18,41.21,292.46
2019-09-03,24.05,63.24,2.47,258.12,55.3105,28.23,60.71,16.97,411.27,27.68,50.31,47.93,9.095,12.415,33.56,3.81,74.31,36.37,106.94,27.68,80.93,11.08,179.54,136.12,52.38,55.46,137.5,36.12,86.96,16.46,118.33,52.75,58.61,96.77,106.75,53.67,162.36,11.18,159.94,80.93,64.31,13.92,58.06,178.7,182.38,50.42,40.64,290.77
2019-09-04,24.34,63.96,2.45,254.3,55.77,28.42,61.67,17.325,405.82,28.23,50.14,48.02,9.2,13.18,33.79,3.975,74.87,37.08,106.3,28.23,82.11,11.0,180.7,137.69,53.13,55.79,139.17,35.82,89.86,16.24,120.55,53.7,56.94,96.11,107.4,54.18,164.33,11.45,161.4,82.11,64.835,14.21,58.18,176.89,187.16,51.43,40.92,293.97
2019-09-05,24.78,65.79,2.42,251.11,55.14,28.46,62.76,17.59,410.26,29.77,50.09,48.13,9.35,13.56,33.92,4.23,74.29,37.61,104.75,29.77,86.5,13.95,188.33,140.05,53.2,56.77,135.99,36.33,94.29,16.64,123.3,54.11,57.96,95.57,108.56,54.69,162.23,11.52,160.33,86.5,63.74,13.86,58.58,179.87,190.89,52.35,41.89,297.82
2019-09-06,25.24,66.36,2.49,249.52,55.22,28.37,62.22,17.08,403.64,30.62,48.0,48.11,9.34,13.73,34.25,4.3,74.7,38.43,105.24,30.62,87.61,14.04,203.16,139.13,53.42,55.89,137.37,36.49,94.64,16.52,121.93,54.685,58.05,95.75,109.85,55.31,162.0,11.49,158.99,87.61,63.87,14.07,59.08,181.34,187.54,52.57,41.555,298.07
2019-09-09,25.56,69.21,2.51,250.46,54.53,28.74,63.69,18.22,400.56,31.43,50.51,48.04,9.54,13.76,34.62,4.77,73.17,41.74,105.12,31.43,89.62,15.59,194.4,137.58,55.86,57.73,136.41,36.83,96.86,17.21,121.52,55.14,56.91,94.15,107.97,55.6,158.33,11.56,156.15,89.62,62.72,14.35,58.66,174.81,188.77,55.59,43.01,298.15
2019-09-10,25.97,69.05,2.52,252.67,54.39,28.55,63.6,18.52,379.64,32.57,50.53,48.35,9.41,13.8,34.79,5.09,72.09,42.17,106.7,32.57,89.8,16.85,193.26,136.15,56.6,59.4,135.86,37.37,98.76,17.88,120.74,55.43,57.47,90.36,108.83,56.25,158.3,11.67,152.5,89.8,61.52,14.66,59.665,171.01,186.32,56.88,43.3,298.2
2019-09-11,26.54,67.83,2.68,249.81,54.75,29.26,64.01,19.01,390.49,33.71,52.66,48.72,9.41,13.64,34.7111,4.576,72.84,42.66,108.25,33.71,90.81,17.11,196.46,136.15,56.37,59.54,136.31,37.4,100.36,17.89,119.93,55.85,57.57,90.97,108.96,56.34,158.88,11.845,151.13,90.81,61.53,15.0,60.11,173.19,188.56,58.05,44.64,300.29
2019-09-12,26.98,67.88,2.68,248.25,55.12,29.9,63.905,18.55,393.11,34.14,54.88,47.88,9.41,13.39,34.62,4.58,72.29,40.76,105.88,34.14,90.35,17.36,198.73,137.5414,56.25,59.79,137.29,37.3,100.59,18.07,120.84,56.2,57.3,92.07,108.93,56.55,160.22,11.86,151.25,90.35,61.67,15.09,60.415,172.49,187.48,55.57,44.8,301.27
2019-09-13,27.11,67.54,2.85,253.11,54.27,30.11,64.06,18.02,388.48,34.13,56.9,47.27,9.46,13.125,34.76,4.41,70.68,41.48,106.49,34.13,90.28,16.4,195.14,137.21,57.15,60.17,136.42,36.9,102.27,17.91,118.9705,56.46,55.57,90.46,107.98,56.69,158.91,11.9,148.55,90.28,61.16,14.965,59.95,174.95,187.12,55.98,45.75,301.05
2019-09-16,27.005,68.92,2.92,258.64,53.97,29.4,63.43,17.91,388.55,34.56,57.82,47.36,9.3,13.01,34.75,4.35,69.42,47.4,107.19,34.56,88.4,16.0,193.7,136.4,57.53,59.19,134.88,36.82,103.13,18.69,117.5,56.21,54.73,89.42,106.98,56.81,153.74,11.91,148.05,88.4,60.45,14.96,59.5,177.55,186.24,55.33,45.7,300.16
2019-09-17,26.99,68.43,2.89,257.29,54.23,28.98,63.47,18.255,352.37,32.72,59.92,47.29,9.29,12.52,34.94,4.34,69.86,44.06,108.71,32.72,87.91,16.11,195.5,137.39,55.68,59.46,135.68,36.51,99.0,18.4,120.06,56.45,54.58,90.74,107.27,57.15,155.54,11.87,152.71,87.91,61.45,14.62,59.865,176.0,188.12,54.83,45.43,300.94
2019-09-18,26.55,67.16,2.9,251.8,54.22,29.13,63.25,18.29,358.13,31.77,59.45,47.93,9.25,12.01,34.87,4.59,70.77,43.58,108.84,31.77,87.59,16.27,195.35,138.53,55.05,60.55,135.54,36.38,98.53,17.81,119.68,56.18,54.12,91.01,106.92,57.23,155.8,11.92,153.06,87.59,61.48,14.39,59.92,174.54,188.13,54.42,45.54,301.1
2019-09-19,26.66,67.59,2.9624,255.44,54.52,29.14,63.61,18.49,351.46,31.03,59.07,47.8,9.1,12.22,35.02,4.44,70.94,43.01,107.66,31.03,87.02,16.1,193.56,141.08,55.05,60.47,135.45,36.51,95.84,17.2,119.81,56.21,53.13,91.57,107.84,57.55,154.2,11.91,153.45,87.02,61.46,14.18,59.98,176.11,190.15,54.57,45.01,301.06
2019-09-20,26.69,66.76,2.85,251.92,53.91,28.91,64.29,18.28,345.19,31.76,60.45,48.45,9.17,12.34,34.545,4.7101,70.98,43.21,107.81,31.76,85.67,16.06,189.26,139.28,56.25,60.93,134.49,36.69,92.96,17.18,119.4,56.27,52.24,90.06,106.65,57.67,151.78,11.91,153.88,85.67,59.96,13.7,60.275,178.07,189.9,54.99,44.44,298.13
2019-09-23,26.67,67.43,2.8,251.42,54.14,28.87,63.3334,18.33,355.61,31.79,60.54,48.3,9.16,12.11,34.46,5.02,71.5,43.34,107.03,31.79,87.59,16.45,195.19,139.09,56.21,60.52,135.47,36.24,92.67,17.25,118.9,56.46,52.0,90.81,108.79,57.68,150.22,11.87,153.32,87.59,60.36,13.77,60.21,175.94,186.85,54.32,44.4,298.25
2019-09-24,26.26,67.72,2.665,248.19,54.31,28.25,62.93,18.21,340.33,31.78,56.89,48.81,9.11,11.62,34.43,5.02,72.49,40.8,107.8,31.78,86.48,16.64,193.94,137.38,55.85,59.74,135.41,36.02,92.64,16.715,118.71,56.84,51.51,89.96,107.47,57.46,151.05,11.74,155.69,86.48,60.96,13.56,60.53,172.51,181.2906,53.62,44.04,295.81
2019-09-25,26.51,67.43,2.65,244.0,54.17,28.21,62.58,18.92,349.0,32.25,55.0,49.01,9.19,11.98,33.82,5.21,72.25,41.12,107.99,32.25,87.02,16.66,192.93,139.36,56.13,61.46,135.1,35.9,94.02,17.09,117.27,57.05,51.6,90.39,106.82,57.33,150.77,11.71,153.38,87.02,60.2,13.75,60.27,171.43,182.78,54.37,45.12,297.6
2019-09-26,26.62,66.96,2.64,238.91,54.4,27.63,61.61,19.085,363.93,32.56,54.37,49.19,9.14,11.98,33.68,5.28,72.73,41.07,109.17,32.56,88.08,17.05,191.45,139.57,57.09,62.49,135.74,35.79,93.13,16.765,117.67,57.35,50.52,89.79,106.28,57.38,150.62,11.59,154.32,88.08,60.7,13.53,60.46,169.57,180.16,54.08,44.36,296.97
2019-09-27,26.25,68.3,2.58,237.75,54.32,27.85,62.1,19.22,352.36,32.32,54.81,48.58,9.08,12.29,33.69,5.34,73.27,40.56,109.05,32.32,88.78,17.4675,189.72,137.75,57.45,62.53,135.59,36.23,94.24,16.67,117.38,57.53,49.42,88.36,106.1,57.91,152.7,11.53,153.81,88.78,60.45,13.26,60.31,166.74,177.07,54.41,44.22,295.36
2019-09-30,26.08,68.99,2.6,240.2,54.43,28.04,63.08,19.03,364.08,32.47,56.53,48.31,9.17,12.52,33.6,5.52,73.5,40.08,110.0,32.47,88.93,16.77,192.54,139.03,57.49,63.2,137.15,35.925,95.44,16.84,117.87,56.83,50.8,88.43,106.9,58.25,151.87,11.66,154.93,88.93,60.09,13.3,60.34,169.42,178.07,55.31,44.1,296.83
2019-10-01,26.15,68.01,2.62,238.43,54.65,27.55,62.35,18.99,370.36,31.35,55.27,47.99,8.905,12.16,32.6,5.59,71.71,39.21,107.92,31.35,89.04,17.03,192.67,137.06,58.1,61.64,137.38,35.44,91.54,16.02,117.15,56.41,51.49,86.52,105.94,56.88,151.28,11.72,154.86,89.04,60.23,13.455,59.84,167.57,175.79,54.69,43.15,293.21
2019-10-02,25.71,65.05,2.53,237.99,53.11,26.95,61.53,19.31,368.34,29.85,53.91,47.63,8.61,11.24,31.79,5.32,70.53,38.49,106.86,29.85,86.72,15.86,189.14,134.63,56.73,60.49,134.07,34.7,89.5,15.975,113.66,55.49,50.35,84.33,105.17,55.085,149.44,11.705,153.56,86.72,59.09,13.48,58.93,166.72,174.6,52.84,42.97,288.04
2019-10-03,25.72,65.69,2.44,238.24,53.85,26.89,61.24,19.45,370.83,31.17,55.82,47.73,8.71,11.35,32.07,5.41,70.88,38.83,106.29,31.17,87.19,15.53,190.15,136.3,56.64,60.6,137.89,35.46,91.97,15.59,115.1,55.36,48.79,84.66,106.63,54.94,147.02,11.66,155.5,87.19,59.41,13.69,59.04,170.46,179.42,52.6,43.23,290.37
2019-10-04,25.94,66.88,2.48,241.72,54.53,25.9,62.24,19.28,385.84,31.51,56.45,48.45,8.735,11.31,32.44,5.54,72.07,38.31,107.67,31.51,88.7,16.25,193.11,138.11,56.63,61.0,140.25,35.935,91.44,15.675,115.37,55.81,49.32,85.92,109.1,55.49,151.34,11.65,157.45,88.7,59.68,14.07,59.88,172.42,180.4,52.98,43.55,294.37
2019-10-07,25.57,66.8,2.51,240.93,53.87,26.01,61.98,19.76,374.89,31.61,55.92,48.45,8.68,11.28,32.29,5.48,71.58,37.22,107.4,31.61,88.29,17.83,191.75,137.1,56.18,60.7,138.35,35.83,91.56,15.63,114.44,55.79,48.92,85.86,107.94,55.32,151.13,11.745,157.67,88.29,59.67,13.98,60.23,172.11,179.68,52.76,43.65,293.11
2019-10-08,25.17,65.29,2.49,235.48,53.57,26.22,60.35,18.97,371.46,30.78,55.21,47.77,8.545,10.57,32.09,5.22,70.7,36.63,105.95,30.78,86.97,15.86,191.37,135.66,55.35,59.33,137.24,35.435,89.9,15.43,112.88,55.69,49.37,84.9,108.51,54.86,149.83,11.61,156.28,86.97,59.11,13.71,59.71,169.55,177.73,52.09,42.65,288.55
2019-10-09,25.62,65.7,2.46,238.2,53.83,26.175,60.8,17.55,382.85,30.67,57.2,47.9,8.57,10.66,32.65,4.99,70.63,36.41,106.28,30.67,88.45,16.4,192.24,138.21,55.5,60.71,137.85,35.7,90.3,15.57,116.03,56.1,49.46,85.83,110.36,54.66,150.14,11.64,156.47,88.45,59.53,13.65,59.23,168.65,179.83,52.08,42.42,291.23
2019-10-10,25.765,66.75,2.38,237.24,53.68,25.74,62.16,17.54,381.78,31.11,57.77,47.42,8.625,10.59,32.6,5.05,70.79,36.74,107.02,31.11,88.61,16.22,198.12,139.1,55.72,60.84,137.95,35.8,90.04,15.57,115.25,56.28,50.33,85.97,110.59,54.95,150.8,11.745,156.31,88.61,59.27,14.01,59.84,170.22,180.19,52.93,42.34,293.24
2019-10-11,26.33,69.51,2.42,237.5,53.29,26.66,62.94,17.41,397.19,31.68,59.25,47.5,8.78,11.13,33.17,5.36,70.51,38.35,107.04,31.68,90.88,17.12,201.6,139.61,56.05,61.46,137.59,36.11,93.68,16.45,126.18,56.93,50.32,86.35,111.84,55.88,150.26,11.945,155.24,90.88,59.16,14.3,59.91,172.31,184.11,53.97,42.845,296.26
2019-10-14,26.23,68.71,2.4805,234.82,53.3,26.34,62.99,17.12,390.2,31.08,59.11,47.11,8.82,11.0,32.92,5.58,69.4,37.85,106.9,31.08,90.91,15.47,203.04,139.54,56.24,60.96,137.45,36.3,92.44,16.19,126.08,56.85,49.71,86.62,111.14,55.99,148.71,11.95,155.34,90.91,58.72,14.12,59.59,173.61,183.29,53.66,42.95,296.01
2019-10-15,26.78,67.96,2.4,248.99,53.51,26.7,64.8,17.38,387.7,30.89,60.04,47.06,9.075,10.99,33.68,5.61,68.42,37.7,107.34,30.89,91.53,15.76,203.94,141.57,56.66,62.97,136.3,36.5,93.21,16.7,127.18,57.245,50.55,86.42,111.89,56.33,148.18,12.015,152.54,91.53,58.36,14.22,60.55,176.14,188.83,54.51,43.35,298.9
2019-10-16,26.83,68.41,2.39,245.02,53.49,26.9,65.45,17.63,383.5,31.4,58.55,44.9,9.07,11.42,33.88,5.88,67.87,37.77,107.55,31.4,91.39,15.72,203.07,140.48,56.31,62.61,136.41,36.35,94.34,17.6,128.72,57.36,50.82,86.75,112.18,56.27,148.5,12.01,151.5201,91.39,59.4,14.38,60.31,176.1,189.61,54.66,43.77,298.41
2019-10-17,26.8,69.88,2.32,249.29,53.81,26.78,66.5,17.05,402.58,32.37,60.36,44.06,9.11,11.38,34.14,6.05,68.1,36.67,108.29,32.37,91.57,15.82,205.04,139.67,56.99,62.77,136.98,36.47,95.06,18.09,128.63,57.43,51.03,86.29,113.19,56.25,149.44,12.02,152.76,91.57,59.99,14.77,60.41,177.72,190.4,55.94,43.94,299.24
2019-10-18,26.7,70.54,2.29,249.41,54.78,26.06,66.16,17.1,393.56,32.53,57.61,44.67,9.2957,11.07,34.17,5.94,68.02,36.56,107.63,32.53,92.48,15.28,207.0,137.34,56.99,62.92,136.25,36.46,94.99,18.22,129.13,57.59,51.33,86.0,112.8,56.45,149.7,12.04,153.07,92.48,60.08,14.41,61.05,176.23,185.86,55.28,44.12,297.98
2019-10-21,26.72,71.48,2.37,253.23,54.24,25.5,65.72,17.01,395.22,32.87,58.04,44.71,9.03,11.8,34.24,5.925,68.29,38.43,108.28,32.87,93.42,15.41,205.34,138.43,57.17,63.4,136.13,36.45,96.47,18.32,132.71,57.57,51.9,85.35,113.71,56.81,149.06,12.07,153.56,93.42,59.24,14.52,60.74,183.53,189.75,54.6,44.195,300.05
2019-10-22,26.62,72.41,2.3,260.41,53.87,25.98,66.56,17.59,400.91,34.18,56.85,45.255,9.06,12.34,32.2,6.38,67.07,39.17,106.74,34.18,93.16,16.22,204.49,136.39,59.3,63.42,136.63,36.44,98.6,18.58,131.81,57.415,51.22,83.43,113.17,57.01,148.44,12.11,149.75,93.16,59.16,14.53,60.79,191.06,182.31,55.3,45.38,299.03
2019-10-23,26.69,72.09,2.19,263.51,54.65,25.61,65.5937,17.47,373.38,35.03,56.64,45.66,9.21,12.09,32.71,6.43,67.57,39.2,107.8,35.03,91.5,15.95,205.36,137.25,59.47,61.47,137.43,36.775,97.14,18.47,131.66,57.43,44.88,82.74,111.26,57.06,149.815,12.135,149.76,91.5,59.1,14.81,60.87,190.43,186.17,54.56,43.98,299.86
2019-10-24,26.83,72.12,2.16,259.52,54.62,26.36,64.83,17.0,381.54,35.2,57.75,46.185,8.6,11.12,32.77,6.425,68.34,39.32,108.35,35.2,90.82,15.99,206.84,139.95,58.9,61.67,137.89,36.38,97.12,17.95,131.79,57.45,44.14,83.19,110.2,57.22,150.77,12.17,146.37,90.82,59.74,14.92,60.59,194.47,186.38,54.45,43.28,300.42
2019-10-25,27.05,73.17,2.16,263.0,53.73,26.73,65.07,17.125,375.3,35.1,58.699,45.88,8.72,11.19,32.81,6.33,68.43,40.26,108.29,35.1,84.14,17.25,208.0,140.73,56.85,62.67,136.6,36.76,98.79,17.97,131.86,57.535,43.15,83.34,109.0,57.56,151.4,12.22,143.31,84.14,59.3,14.81,60.335,194.49,187.87,55.43,43.55,301.64
2019-10-28,27.22,74.37,2.228,267.56,53.56,26.765,65.87,17.15,375.04,35.36,57.32,45.61,8.61,11.47,33.13,6.19,67.37,39.66,106.98,35.36,83.45,17.76,205.93,144.2,54.57,63.04,136.56,37.27,97.74,18.28,132.69,57.57,43.49,83.6,109.71,57.57,150.77,12.24,141.15,83.45,58.93,14.73,60.17,193.91,189.46,55.8,43.61,303.36
2019-10-29,27.48,73.92,2.2,272.59,53.41,26.78,65.88,17.35,373.49,35.2,54.44,45.87,8.64,11.56,34.7,5.81,67.91,39.79,108.09,35.2,81.2,17.9,205.57,142.81,54.69,62.09,136.07,38.21,96.11,18.17,131.69,57.66,43.32,84.1,108.13,57.44,149.39,12.25,143.65,81.2,59.24,14.66,60.18,197.82,189.32,56.28,43.48,303.2
2019-10-30,27.42,72.7,2.1796,273.52,53.94,27.52,67.065,17.81,371.46,35.83,52.8,46.66,8.53,10.97,36.03,5.73,68.58,38.09,106.35,35.83,82.32,16.66,205.91,144.56,53.04,61.24,136.89,38.49,96.58,17.81,133.24,57.53,42.71,84.25,107.93,57.15,150.86,12.185,145.98,82.32,60.15,15.15,60.83,199.28,188.18,55.86,42.97,304.14
2019-10-31,26.97,71.8,2.11,269.1,54.43,26.38,66.4,17.83,374.35,35.04,44.48,45.49,8.59,10.89,36.08,5.44,68.57,37.5,105.68,35.04,82.29,16.05,204.24,143.39,52.7351,61.28,137.19,38.4,96.1,17.4,132.58,57.33,42.2,84.56,106.9,57.07,147.73,12.275,146.88,82.29,60.11,15.035,60.48,195.46,191.68,54.79,42.17,303.26
2019-11-01,27.475,72.95,2.13,270.78,53.9,26.17,67.25,17.81,384.01,35.68,45.655,45.33,8.89,11.02,36.64,5.84,66.8,40.185,105.57,35.68,82.91,16.2,200.72,143.72,52.69,62.45,136.9,38.4,98.03,18.24,133.68,57.69,41.54,83.25,107.83,57.34,147.02,12.33,143.07,82.91,59.75,15.21,60.36,201.05,193.69,57.37,42.51,306.18
2019-11-04,27.68,74.81,2.06,271.74,53.14,25.74,68.05,17.11,352.91,36.44,44.74,44.5,9.0,11.77,37.02,5.85,65.4,41.89,106.92,36.44,84.8,16.9,196.465,144.52,53.61,63.41,135.14,38.04,99.05,18.36,134.48,58.0,42.46,82.39,108.78,57.82,146.55,12.39,140.52,84.8,58.97,15.21,59.88,199.47,194.72,59.66,43.3,307.34
2019-11-05,27.81,74.84,2.0777,272.83,52.42,25.65,67.35,17.36,348.49,36.79,43.2262,44.79,9.02,12.93,37.44,5.9,65.96,41.49,107.44,36.79,86.2,17.5,194.44,144.46,54.3851,63.21,134.05,37.495,102.1,18.89,133.58,57.99,43.22,81.88,110.07,57.73,147.83,12.325,140.28,86.2,59.44,15.31,59.5,197.2,194.33,61.21,43.965,307.0
2019-11-06,27.67,75.04,2.02,277.46,52.79,26.125,70.93,17.12,357.3,36.87,42.64,44.83,8.92,12.57,37.45,6.09,66.51,40.5,108.34,36.87,86.13,17.51,200.87,144.06,54.48,63.26,134.42,37.61,100.95,18.55,135.18,58.0,43.89,83.0,110.52,57.82,148.63,12.425,140.83,86.13,60.39,15.07,60.12,195.96,191.54,59.49,44.01,307.14
2019-11-07,27.91,76.02,1.91,279.79,52.3,26.17,71.78,17.53,356.0,37.54,41.86,44.7,8.9,9.91,37.9,6.23,66.87,40.8,107.14,37.54,86.44,17.38,202.85,144.28,53.53,62.54,133.31,36.92,115.63,17.94,135.09,57.99,43.84,81.95,110.6099,57.945,147.01,12.75,141.36,86.44,59.67,12.85,60.52,195.83,190.42,58.62,44.39,308.22
2019-11-08,28.91,76.84,1.82,282.1,52.2,26.2,72.48,17.14,362.37,37.26,41.995,44.715,9.04,8.92,37.61,6.09,66.62,40.77,106.27,37.26,87.05,17.53,204.13,145.96,53.79,62.59,133.09,37.0436,113.8,20.14,136.44,57.83,43.77,81.77,110.17,57.88,148.0,12.72,140.96,87.05,59.96,12.76,59.34,201.37,190.88,59.24,44.46,308.97
2019-11-11,29.2,76.26,1.81,279.19,51.84,26.73,71.78,17.04,358.04,36.34,40.82,44.015,9.08,8.22,37.0,6.015,66.54,41.18,104.41,36.34,86.4,16.82,207.18,146.12,53.31,63.3,132.37,36.92,114.03,20.78,136.78,57.845,44.82,82.44,110.4526,57.99,146.88,12.85,141.74,86.4,59.55,12.31,59.62,201.9,189.6,62.26,44.44,308.39
2019-11-12,29.23,75.19,1.7,283.53,51.71,26.72,72.36,17.0,370.16,33.07,40.8,44.32,9.05,7.87,36.54,5.91,66.65,40.2,105.11,33.07,84.72,16.8,207.81,147.08,52.69,64.5,131.98,36.97,111.39,20.42,135.37,57.71,45.87,83.32,108.35,57.86,145.36,12.795,142.83,84.72,59.12,12.1,59.33,203.84,194.54,62.73,44.64,308.94
2019-11-13,29.275,75.02,1.91,283.74,52.39,25.72,72.82,16.95,366.635,32.22,40.69,44.5,8.815,7.93,36.14,5.95,66.88,39.21,105.76,32.22,85.74,16.73,211.12,147.34,51.96,65.0,133.29,36.6,110.65,20.08,134.29,57.42,45.92,83.96,108.58,57.72,147.29,12.77,145.76,85.74,59.71,11.74,59.41,207.22,193.21,62.27,43.67,309.07
2019-11-14,28.84,75.6,1.82,282.03,52.64,26.36,72.96,17.01,362.93,31.43,41.84,44.63,8.79,7.83,36.05,5.99,66.66,39.33,104.48,31.43,85.84,16.42,213.16,148.06,51.31,64.91,133.35,36.55,111.39,20.34,134.41,57.45,44.89,84.37,111.1,57.62,146.27,12.855,146.32,85.84,59.3,11.98,59.32,205.0,193.12,61.94,43.79,309.53
2019-11-15,29.01,77.1,1.75,297.75,52.67,25.48,74.27,17.2,366.14,30.72,41.9965,45.03,8.96,7.9,36.51,5.88,66.37,40.56,104.95,30.72,86.87,16.98,215.92,149.95,52.52,65.17,133.83,37.27,112.62,20.3,135.45,57.48,44.59,84.22,113.21,58.0,145.3,12.95,145.75,86.87,59.02,11.85,59.5,210.0,195.0895,62.14,43.59,311.83
2019-11-18,28.83,77.29,1.65,294.0,53.01,25.48,75.09,17.06,366.96,30.46,41.99,45.42,8.95,7.31,36.86,5.625,67.11,38.83,105.31,30.46,87.22,17.19,218.5,150.34,51.95,67.16,134.06,37.21,113.39,20.13,135.19,57.75,46.06,84.02,111.96,58.07,145.73,13.05,146.67,87.22,59.14,11.97,59.43,210.02,197.46,61.92,43.28,311.99
2019-11-19,28.74,75.33,1.65,292.72,53.08,25.7,75.35,17.02,377.62,30.54,40.855,45.37,8.91,7.31,37.13,5.5,67.16,38.41,104.14,30.54,86.33,15.97,216.91,150.39,52.41,66.47,134.6,37.65,110.52,20.02,135.75,57.62,45.97,83.66,110.89,58.01,146.46,13.055,147.56,86.33,59.025,11.73,59.5,215.0,199.33,61.46,43.93,311.89
2019-11-20,28.43,74.15,1.77,292.7,53.21,24.98,74.92,16.38,381.5,30.22,40.63,45.35,8.73,7.0,36.59,5.47,67.2,38.39,105.48,30.22,85.54,15.59,216.9516,149.62,52.4,67.22,133.73,37.05,106.9,20.5,134.86,57.29,46.07,83.6,126.46,57.56,146.4,13.05,149.12,85.54,58.79,11.78,59.47,215.22,197.5,61.37,43.9,310.79
2019-11-21,28.44,72.22,1.71,293.74,52.96,25.1,74.95,16.58,384.97,30.38,41.46,44.39,8.71,6.96,36.6,5.5,66.781,38.88,104.22,30.38,84.8,15.66,216.76,149.49,52.55,66.87,133.91,37.74,103.71,20.68,135.48,57.29,45.33,82.28,127.66,58.14,145.05,12.99,146.55,84.8,58.19,11.55,59.6,215.5,197.93,60.6,43.76,310.29
2019-11-22,28.53,72.63,1.64,291.72,53.03,25.54,75.31,17.0,378.35,30.31,41.83,44.44,8.89,7.17,36.78,5.66,66.72,38.99,108.4,30.31,86.51,16.0,219.9,149.63,52.28,67.26,134.07,38.32,107.6,20.08,135.41,56.85,45.55,83.0,127.01,57.96,146.26,13.005,146.84,86.51,58.2,11.24,59.73,218.0,198.88,60.6,43.86,311.0
2019-11-25,28.95,74.27,1.9601,293.89,53.2,25.93,76.59,17.05,381.53,30.92,42.78,44.16,9.0,7.44,36.99,6.04,66.97,39.91,105.83,30.92,86.53,17.09,222.15,151.2247,52.42,66.63,133.81,38.67,108.92,19.97,135.79,56.99,44.97,83.77,125.2,58.29,145.24,13.09,146.09,86.53,58.59,11.67,59.39,223.28,199.75,60.68,44.29,313.35
2019-11-26,28.55,81.53,1.94,287.31,53.88,25.87,74.94,16.83,389.14,31.17,43.37,44.01,9.0,7.28,36.81,6.1,67.79,37.97,107.11,31.17,87.65,17.54,222.96,152.0,51.06,68.44,135.7,38.28,108.48,19.99,135.3,56.59,44.4,84.55,126.91,57.95,148.17,13.08,149.57,87.65,58.96,11.49,59.86,218.94,198.8,59.62,44.36,314.02
2019-11-27,28.71,80.74,1.9,289.48,53.97,26.05,75.05,16.98,390.62,31.57,44.42,44.27,9.095,7.54,36.7,6.34,67.68,40.46,106.06,31.57,89.05,17.75,228.83,152.34,50.74,67.92,135.91,38.64,108.68,19.77,135.41,56.41,43.78,85.74,125.9,57.89,148.97,13.075,148.55,89.05,59.03,11.55,60.11,220.09,202.0,60.14,44.77,315.44
2019-11-29,28.12,80.64,1.87,288.9,53.43,26.0,75.3,16.77,383.54,31.16,43.4,44.4,9.07,7.5,36.66,6.3,67.87,39.54,105.14,31.16,88.52,18.36,225.69,151.38,50.49,67.05,135.86,38.57,107.45,19.25,135.95,56.12,43.5,85.44,125.07,57.79,148.2,13.05,148.19,88.52,59.49,11.64,60.28,221.77,201.66,59.6,44.62,314.27
2019-12-02,28.07,79.1927,1.8,287.49,53.74,25.18,75.58,16.65,372.98,30.48,43.12,43.93,9.01,7.33,36.39,6.165,67.56,39.8,105.72,30.48,88.0,17.42,225.52,149.55,50.67,66.34,135.88,38.3,106.85,18.97,133.49,56.15,42.7,84.58,123.98,57.35,148.94,12.945,148.94,88.0,59.29,11.18,59.98,220.79,199.69,59.28,43.85,311.6
2019-12-03,28.1,78.1,1.79,286.22,53.8,24.65,74.71,16.89,383.91,30.21,42.62,44.24,8.9,7.135,36.31,6.12,67.29,38.4,106.2,30.21,85.96,16.06,223.1,149.32,50.1,65.86,135.445,38.05,105.55,19.35,134.22,55.595,42.76,84.83,124.06,56.95,147.9,12.94,148.8,85.96,59.2,11.28,60.14,221.13,198.83,59.01,43.31,309.47
2019-12-04,28.52,79.19,1.84,287.39,54.28,24.84,75.0,17.0,389.22,31.02,42.16,44.55,8.95,6.87,36.66,6.43,68.08,39.33,106.27,31.02,88.04,16.65,225.47,149.83,51.11,65.39,137.28,38.14,108.73,20.01,135.55,56.22,43.15,85.4,124.47,57.32,150.26,12.93,150.15,88.04,59.525,11.5,60.54,223.95,198.7,58.92,43.53,311.47
2019-12-05,28.66,80.32,1.9198,286.39,54.2,24.82,74.49,17.19,382.54,31.15,41.07,44.85,8.921,7.12,36.58,6.36,67.82,38.64,106.76,31.15,89.21,17.89,230.79,149.92,50.33,66.09,136.34,38.03,112.05,20.56,134.85,56.825,43.82,84.46,124.69,55.4,150.79,12.89,149.95,89.21,59.37,11.48,60.84,223.13,199.37,59.13,43.48,312.04
2019-12-06,29.01,82.05,2.0365,285.28,54.43,25.28,75.36,17.43,381.32,31.69,41.26,44.87,9.01,7.37,35.67,6.65,68.24,40.7,107.29,31.69,90.43,20.56,229.4,151.75,51.06,66.473,137.43,38.29,111.71,21.22,135.03,56.72,44.13,86.33,125.02,55.36,151.87,13.04,149.28,90.43,59.8,11.31,61.19,223.26,201.04,58.64,43.55,314.82
2019-12-09,28.74,82.57,2.135,282.33,54.07,25.79,75.0,17.4,377.52,31.27,41.15,44.94,9.005,7.64,35.9,6.34,68.6,40.73,106.48,31.27,90.84,21.05,230.89,151.36,51.53,65.04,137.15,38.32,113.26,20.78,134.86,56.665,44.08,86.29,126.45,55.12,152.76,12.98,149.53,90.84,60.21,11.15,61.0,219.36,201.33,58.71,43.52,313.87
2019-12-10,28.76,82.86,2.1,283.86,53.77,25.88,73.18,17.97,371.96,31.08,40.52,44.73,9.06,7.51,36.48,6.51,67.91,40.77,106.06,31.08,90.26,20.81,229.66,151.17,51.21,65.07,136.28,38.48,114.03,21.3,134.71,56.37,44.61,86.06,125.75,55.11,152.46,13.015,149.4,90.26,59.97,10.65,61.23,220.27,200.9,58.42,43.43,313.55
2019-12-11,28.86,83.81,2.13,280.54,53.94,26.2,73.35,18.02,377.01,30.82,41.02,44.19,9.11,7.36,36.14,5.53,67.45,41.59,104.41,30.82,91.66,21.41,233.37,151.69,51.17,65.1,137.05,38.22,111.61,21.19,134.9,56.57,45.13,86.59,125.79,55.24,152.16,13.02,149.77,91.66,59.645,10.54,61.08,220.0,202.21,58.0,43.17,314.41
2019-12-12,28.955,85.34,2.135,284.38,54.13,26.99,74.28,18.4,367.72,31.54,41.96,44.08,9.32,7.75,36.38,5.58,67.22,42.61,102.48,31.54,93.37,21.9,224.49,153.23,51.35,65.62,137.18,38.53,115.74,21.25,136.7,56.73,45.76,88.22,127.5,55.66,152.26,13.195,146.81,93.37,59.48,10.41,61.17,220.53,196.67,58.56,43.64,317.14
2019-12-13,29.22,84.79,2.14,284.12,54.43,26.47,73.6,18.95,370.59,31.52,42.29,43.8,9.23,7.55,36.72,5.46,68.695,42.08,101.53,31.52,93.15,20.09,223.52,154.54,50.82,64.57,137.93,38.3,116.92,21.38,138.5,55.96,45.38,88.685,127.21,56.32,151.7,13.18,147.15,93.15,60.94,10.41,60.8,218.93,194.21,57.88,43.23,317.28
2019-12-16,29.35,85.81,2.15,291.83,54.42,27.54,74.4,18.78,375.84,31.99,43.11,44.69,9.39,7.67,36.74,5.5,68.86,42.42,102.62,31.99,94.03,19.8,225.34,155.54,51.95,65.17,137.05,39.15,117.7,21.41,139.36,56.29,46.04,88.76,125.96,56.62,151.59,13.255,146.8,94.03,61.9,10.52,61.23,219.43,197.92,57.785,43.87,319.51
2019-12-17,29.19,86.36,2.13,290.73,54.41,26.78,73.32,19.28,371.09,31.46,43.05,44.99,9.39,7.53,36.08,6.07,67.82,42.93,102.1,31.46,95.02,20.825,223.09,154.79,52.43,65.04,136.13,38.9,117.44,20.53,134.05,56.58,45.99,88.15,128.37,56.75,150.08,13.36,144.71,95.02,56.28,10.65,61.47,217.62,198.38,57.1,44.36,319.56
2019-12-18,29.07,87.04,2.07,293.18,53.92,27.81,73.3,19.86,365.98,30.63,42.33,45.37,9.55,7.82,35.73,6.18,68.27,43.24,103.11,30.63,96.51,21.06,224.32,154.37,52.96,65.71,135.96,38.89,118.98,20.93,133.37,56.13,45.99,87.99,128.09,56.44,149.79,13.39,145.81,96.51,55.92,10.74,60.86,219.35,202.36,57.2,44.34,319.57
2019-12-19,28.96,88.64,2.11,298.23,54.31,27.71,74.11,19.5,367.42,31.12,43.95,44.99,9.4027,7.82,36.14,6.07,68.33,43.39,104.49,31.12,96.88,20.86,224.13,155.71,53.25,65.48,136.46,38.98,117.53,21.13,133.03,55.88,45.89,88.49,128.69,56.08,151.48,13.45,146.68,96.88,56.58,10.68,60.78,217.78,206.06,57.76,44.19,320.91
2019-12-20,28.91,87.69,2.06,303.0,54.97,28.15,74.56,19.88,378.07,31.12,44.02,45.45,9.48,7.69,35.96,5.98,68.85,44.19,103.69,31.12,97.24,20.2,230.24,157.39,53.87,64.99,137.95,39.22,118.44,21.38,134.4,55.98,46.29,88.47,129.16,56.14,152.66,13.43,147.4,97.24,56.75,10.6,62.05,220.78,206.29,58.39,44.38,320.95
2019-12-23,28.82,87.64,2.02,303.25,54.92,28.66,74.4,19.54,372.52,31.01,44.77,45.2,9.435,7.745,36.29,5.62,68.75,45.44,103.35,31.01,98.36,20.91,228.1,157.41,53.05,65.0,137.04,39.32,117.8,21.48,133.77,55.76,45.88,88.22,128.35,55.92,152.37,13.58,146.34,98.36,56.84,10.44,61.41,219.98,206.18,58.55,44.11,321.22
2019-12-24,28.67,87.95,2.02,304.5,54.71,28.8211,74.54,19.63,378.4,31.01,44.68,45.33,9.48,7.63,37.87,5.44,68.56,44.84,103.78,31.01,98.85,20.74,229.02,157.39,53.31,65.28,136.89,39.29,118.3,21.54,133.65,55.79,46.3,88.52,128.46,55.885,152.46,13.59,146.09,98.85,56.71,10.56,61.25,220.52,205.15,58.37,44.11,321.26
2019-12-26,28.78,87.87,2.0,304.76,55.01,29.19,74.5,19.63,384.42,31.03,45.41,45.33,9.45,7.69,37.79,5.41,68.6,45.17,102.65,31.03,99.39,20.59,231.12,158.67,53.6,65.26,136.67,39.38,118.41,21.3,134.58,55.85,45.57,88.08,128.9,55.94,152.93,13.61,146.34,99.39,56.8,10.42,61.3,220.27,207.79,58.89,44.16,322.91
2019-12-27,28.58,87.01,1.94,306.47,55.35,29.12,74.37,19.24,379.1,30.86,44.98,45.41,9.36,7.75,37.4,5.89,69.18,44.42,103.1,30.86,99.96,20.98,230.02,158.95,53.83,65.2,137.54,39.32,117.4,21.2,134.98,56.11,45.69,88.13,129.19,56.07,153.53,13.62,147.62,99.96,57.7,10.42,61.53,221.08,208.1,59.02,43.88,322.86
2019-12-30,28.26,87.58,1.935,305.38,55.28,28.8728,73.71,19.01,379.72,30.61,44.47,45.38,9.255,7.62,36.7,6.125,68.79,45.55,103.14,30.61,99.56,21.56,230.84,157.68,53.78,64.75,136.88,38.92,116.58,21.21,133.38,56.2,45.38,87.43,128.9,55.99,152.88,13.55,146.8,99.56,57.3,10.3,61.21,219.09,204.41,58.91,44.11,321.1
2019-12-31,28.31,87.8,1.85,301.82,55.33,29.56,74.26,19.31,378.36,30.95,44.28,45.58,9.29,7.88,36.84,6.08,68.84,45.42,104.13,30.95,99.68,21.74,231.67,157.49,53.9,65.13,136.62,39.16,117.22,21.14,134.02,56.48,45.09,87.92,128.17,56.13,153.49,13.61,146.95,99.68,57.18,10.66,61.37,218.95,205.09,58.96,44.02,321.89
